a* CIELAB (kemerahan),Erythema index,Saturasi HSV,Kecerahan HSV,Modalitas,label
25.334417208604293,22.815603926861595,0.43110771071810416,0.5946399670423448,Konjungtiva,Anemia
17.549377888375403,16.03624978290408,0.418757170838474,0.6262724186724103,Konjungtiva,Anemia
21.75379381109252,14.201860369868458,0.3413228119999958,0.8934321084917198,Konjungtiva,Anemia
2.144331951530603,0.8898809899510862,0.028236450830332133,0.9813093206032413,Konjungtiva,Anemia
22.439238517697078,18.8123901378463,0.39438745648892587,0.6403732031579844,Konjungtiva,Anemia
24.76424096385543,18.389202374127798,0.35159896054807466,0.6995628632175762,Konjungtiva,Anemia
22.775335478778317,15.556931991074663,0.3243941380061649,0.7623192236394224,Konjungtiva,Anemia
26.344905905256326,19.14466296575581,0.36614625084297187,0.6724162647970718,Konjungtiva,Non-anemia
41.732638101715395,34.65579209076968,0.6884645190351514,0.7849313140203561,Konjungtiva,Non-anemia
27.29256267701669,18.632017465854833,0.43244210513325226,0.8592215276963612,Konjungtiva,Anemia
34.11242076069732,40.35033043264713,0.6563775985830148,0.5193833317796215,Konjungtiva,Anemia
36.95848246241948,36.33012220180598,0.5723637486490659,0.5513186520134181,Konjungtiva,Anemia
17.723672512729337,11.019731312923042,0.22770421997296453,0.8229582756888418,Konjungtiva,Anemia
22.065807166020733,16.121332040716396,0.356829866329194,0.7394971719606137,Konjungtiva,Anemia
34.42192456820584,24.622879655641718,0.4885000034557355,0.8221215451284497,Konjungtiva,Anemia
23.65487015646761,18.171597142059692,0.4637246067428364,0.7805389707287848,Konjungtiva,Anemia
34.38713318284425,22.03053973902187,0.437153985747798,0.9146508505584326,Konjungtiva,Non-anemia
18.901571247968207,17.046165540990856,0.44313902552171314,0.6423868662509251,Konjungtiva,Anemia
31.36280487804879,39.17788223365633,0.6249062540759097,0.4733302356419286,Konjungtiva,Non-anemia
35.724122295634146,22.849167817221616,0.4498312033713602,0.9237511716696006,Konjungtiva,Non-anemia
23.727924055167477,15.182437772896096,0.3302719858019033,0.8808031852062576,Konjungtiva,Non-anemia
34.19461420932009,21.930885207792848,0.4469162709647139,0.9219036634261547,Konjungtiva,Non-anemia
21.637557452396578,13.321714052190048,0.26820535174017074,0.7870387025460217,Konjungtiva,Non-anemia
21.75379381109252,14.201860369868458,0.3413228119999958,0.8934321084917198,Konjungtiva,Anemia
34.11242076069732,40.35033043264713,0.6563775985830148,0.5193833317796215,Konjungtiva,Anemia
27.149183540169815,25.540189408514237,0.514546688695073,0.6014318464159014,Konjungtiva,Anemia
36.3031496062992,30.540342810590726,0.507470665431527,0.6056922572178477,Konjungtiva,Anemia
32.90888436226888,27.59347934653644,0.6766533940432957,0.7493578753971033,Konjungtiva,Anemia
19.67770042284201,17.44883251098144,0.3916265724672819,0.6117556611334578,Konjungtiva,Non-anemia
29.55687459529463,29.364955888895494,0.4908419141453257,0.5311516274975348,Konjungtiva,Non-anemia
10.074258563874622,6.449743862853907,0.15964261403848842,0.8539360690248972,Konjungtiva,Non-anemia
21.946547884187083,13.216542828805311,0.2659897812131534,0.8051006594174418,Konjungtiva,Non-anemia
26.65307125307126,16.349833101760858,0.3211138411138411,0.7471393471393472,Konjungtiva,Non-anemia
24.629521016617787,17.018423614029654,0.3267816260858639,0.6963129076981069,Konjungtiva,Non-anemia
22.331559307518205,15.129443866726211,0.32511859824372646,0.795107095263627,Konjungtiva,Non-anemia
16.587401119043022,11.88868741402036,0.2897746403211101,0.7846844699678057,Konjungtiva,Anemia
34.42192456820584,24.622879655641718,0.4885000034557355,0.8221215451284497,Konjungtiva,Anemia
26.764820846905536,21.616859048749106,0.528586006968839,0.7376324398742486,Konjungtiva,Anemia
31.44298738603723,24.884818050772452,0.44206001121567645,0.6972254669321206,Konjungtiva,Anemia
13.866564347943836,11.807952556251289,0.39687219807346946,0.7916079174864998,Konjungtiva,Anemia
18.28509059157389,13.616719304593339,0.45047981646271257,0.9010578647525371,Konjungtiva,Non-anemia
20.02813398995562,14.85076217089758,0.39440283988186914,0.8130928650166976,Konjungtiva,Non-anemia
33.558758856584404,29.27401944314907,0.5160185810621993,0.6629188364001029,Konjungtiva,Anemia
32.90888436226888,27.59347934653644,0.6766533940432957,0.7493578753971033,Konjungtiva,Anemia
19.6530195009436,12.690075481000074,0.25875013876383013,0.8059273740949514,Konjungtiva,Non-anemia
42.46607642966845,34.615210050088606,0.5949270086569274,0.7673243947502211,Konjungtiva,Anemia
16.96514830508474,10.905268845386207,0.22581962445995346,0.7915453639082752,Konjungtiva,Anemia
20.8089207326303,14.969861865367262,0.3501039307695428,0.7846293267799072,Konjungtiva,Anemia
20.721342341344553,17.68642950105912,0.4619185674048111,0.6952964195978536,Konjungtiva,Anemia
33.47312245294003,38.41722536708965,0.5915031411361362,0.5025882505146441,Konjungtiva,Non-anemia
35.85048835462058,36.00232427685987,0.5649577937861847,0.5366199672957087,Konjungtiva,Anemia
31.894105507545476,44.14132175031546,0.6599858878157222,0.4422384251004671,Konjungtiva,Non-anemia
30.39626136746378,29.80231105189035,0.6341301289798505,0.6089090536854688,Konjungtiva,Anemia
24.020541144346538,18.081430269910783,0.4578469093979903,0.7982966948725624,Konjungtiva,Anemia
19.924106307318,13.797170825211413,0.3972116714924787,0.9206052999526593,Konjungtiva,Anemia
35.05758903335217,25.683682172890432,0.5147984349194737,0.8136952859153836,Konjungtiva,Non-anemia
22.272398190045237,12.189535418207953,0.28177123914148133,0.7999351513538365,Konjungtiva,Non-anemia
27.604550139891046,19.704456541963644,0.47273438605305174,0.8371119792343384,Konjungtiva,Non-anemia
18.916481187069422,14.302185529580802,0.4766281160052786,0.904005528019369,Konjungtiva,Anemia
19.365908968198255,18.07161250067186,0.41642354042205404,0.5896515984505135,Konjungtiva,Non-anemia
19.715177762110983,19.947058296239952,0.3810868934138264,0.48732352644955657,Konjungtiva,Non-anemia
32.306233239584,25.767459790515424,0.4516329181944215,0.6904435971523805,Konjungtiva,Anemia
28.436207220759684,22.449476878736885,0.4778737030728049,0.7317936125183432,Konjungtiva,Anemia
18.742949865711722,13.478190900366016,0.3390925886916987,0.8054549124931978,Konjungtiva,Anemia
24.497254335260124,22.036350485372424,0.5223361290566323,0.6460640749556085,Konjungtiva,Anemia
25.518528776380663,19.198655469456938,0.44526823525067255,0.7774435404250882,Konjungtiva,Non-anemia
25.659991059454626,22.890042650043775,0.464727620149535,0.618549703296607,Konjungtiva,Anemia
19.250316620725613,15.079885642029511,0.37255369405454203,0.7297889341238991,Konjungtiva,Anemia
38.202066439968604,29.6874305914018,0.558813015135429,0.7895734281156878,Konjungtiva,Non-anemia
30.748036906164117,20.24307539899244,0.37663764367152436,0.7977886325319291,Konjungtiva,Anemia
36.767267122627885,28.5255739440871,0.535281462551305,0.7714448152828225,Konjungtiva,Anemia
38.778456221198155,35.88228614166318,0.5729818378964489,0.6483861931869522,Konjungtiva,Anemia
38.34914228052472,33.81971910967416,0.5426485427672583,0.6525513939178093,Konjungtiva,Non-anemia
38.60163339382939,36.11258276174547,0.5731290701398527,0.6378189388277997,Konjungtiva,Non-anemia
31.267525857823017,26.516309216254207,0.4616531623320811,0.6167576076564266,Konjungtiva,Non-anemia
22.505207996377038,16.00909654973841,0.3584260954171408,0.7874701099952176,Konjungtiva,Non-anemia
11.904365031778383,8.961836736185669,0.3007286809675303,0.9038757174533082,Konjungtiva,Anemia
19.242471362670386,12.486763602441897,0.2592168448782094,0.805929611776292,Konjungtiva,Non-anemia
24.497254335260124,22.036350485372424,0.5223361290566323,0.6460640749556085,Konjungtiva,Anemia
30.325518683616764,23.218275261414245,0.4195545369102459,0.6912747202232388,Konjungtiva,Non-anemia
31.151505424664578,25.226607974558448,0.6363721273320267,0.7706963635425281,Konjungtiva,Anemia
38.64194449990018,37.42598630370193,0.5894444901138735,0.6285411749047792,Konjungtiva,Anemia
34.437443744374434,35.92056817486415,0.5636028308713225,0.5052893524646583,Konjungtiva,Non-anemia
24.76424096385543,18.389202374127798,0.35159896054807466,0.6995628632175762,Konjungtiva,Anemia
23.82528158501833,18.997436152100143,0.5575928838084291,0.7930711326463005,Konjungtiva,Anemia
32.35656572291927,27.192468371335664,0.4691023515758534,0.6295870670412289,Konjungtiva,Non-anemia
25.396175908221807,17.91115677209025,0.3679406141041503,0.7838068458741049,Konjungtiva,Non-anemia
22.393315196268958,17.592517255235407,0.44269170292809445,0.7083293325103069,Konjungtiva,Anemia
38.778456221198155,35.88228614166318,0.5729818378964489,0.6483861931869522,Konjungtiva,Anemia
32.306233239584,25.767459790515424,0.4516329181944215,0.6904435971523805,Konjungtiva,Anemia
34.4988778805627,26.571958146263874,0.49550776575340844,0.7524597008325472,Konjungtiva,Anemia
27.297337070777843,20.588609574654846,0.450832818060651,0.7678931530565976,Konjungtiva,Non-anemia
19.924106307318,13.797170825211413,0.3972116714924787,0.9206052999526593,Konjungtiva,Anemia
50.281522237505726,41.19397914311984,0.6441999082989455,0.8294968129388389,Konjungtiva,Anemia
29.932071582497883,27.54319485543064,0.5716756411174982,0.6364136734990071,Konjungtiva,Non-anemia
25.961221175706385,16.101961252485264,0.3225337994892663,0.6627158040871431,Konjungtiva,Anemia
33.67827366356056,24.258539787682842,0.4900464472203791,0.8193847426170076,Konjungtiva,Anemia
28.71110743528243,21.507518057769246,0.445144906031224,0.739668948383257,Konjungtiva,Non-anemia
31.155446040761774,32.491745581118515,0.5771453653295598,0.5527256408744587,Konjungtiva,Non-anemia
29.750437425177267,23.488752074914032,0.4731689084142728,0.7083936880765751,Konjungtiva,Anemia
22.549514476216046,15.506100011280566,0.3619697165123713,0.8384635565417826,Konjungtiva,Non-anemia
27.974311069593654,20.87851722730405,0.5137123022959768,0.8105389638340156,Konjungtiva,Non-anemia
21.75379381109252,14.201860369868458,0.3413228119999958,0.8934321084917198,Konjungtiva,Anemia
16.60376954379953,13.337633542459937,0.4064485964300763,0.7751376412634019,Konjungtiva,Anemia
0.7966557716836746,0.3340899547949139,0.010268247924169667,0.9939202243397359,Konjungtiva,Anemia
21.154307929792452,13.428008742353947,0.2876905882128736,0.8654375751787194,Konjungtiva,Anemia
16.936480930100657,14.9725670165346,0.43912283189186635,0.6928921916136368,Konjungtiva,Anemia
24.36842105263159,23.324227123365816,0.4172541081209812,0.47918552036199097,Konjungtiva,Anemia
27.26434619002822,17.515278174850522,0.38212948396668167,0.8898732776271374,Konjungtiva,Non-anemia
15.002179228234297,11.91514169387653,0.3415212284552388,0.7697194621443773,Konjungtiva,Anemia
22.331559307518205,15.129443866726211,0.32511859824372646,0.795107095263627,Konjungtiva,Non-anemia
27.969111127262153,19.397592438047127,0.4275923495352062,0.8286283915412229,Konjungtiva,Anemia
27.29256267701669,18.632017465854833,0.43244210513325226,0.8592215276963612,Konjungtiva,Anemia
15.686246135631137,10.325978091229349,0.21761442852481386,0.7427636186356409,Konjungtiva,Non-anemia
16.587401119043022,11.88868741402036,0.2897746403211101,0.7846844699678057,Konjungtiva,Anemia
18.426421815501783,12.240458681916921,0.25770163611446295,0.7768547487782731,Konjungtiva,Anemia
33.311256686098915,26.441101076554794,0.4590740629444878,0.6962748751162223,Konjungtiva,Anemia
19.242471362670386,12.486763602441897,0.2592168448782094,0.805929611776292,Konjungtiva,Non-anemia
33.311256686098915,26.441101076554794,0.4590740629444878,0.6962748751162223,Konjungtiva,Anemia
17.904478092783506,13.624169920351248,0.41425927329694767,0.8468999519911057,Konjungtiva,Non-anemia
38.57565303104977,36.11002493236779,0.5755061413426878,0.6421953568678991,Konjungtiva,Anemia
34.26561942163514,24.63452938182691,0.48857445870172417,0.8177356126313431,Konjungtiva,Anemia
32.023867423218945,42.047716029777305,0.8551975883571478,0.4885363962751632,Konjungtiva,Anemia
19.617915251206853,16.29735143354121,0.3797622845550402,0.6558648824569461,Konjungtiva,Non-anemia
17.099001931745022,12.727200447678655,0.25764333421713825,0.6214600457053394,Konjungtiva,Anemia
18.848329696155787,13.12090844631113,0.3842396653138341,0.922867807522539,Konjungtiva,Anemia
30.70640319619912,21.276756408894926,0.484702028959732,0.8691794177988657,Konjungtiva,Anemia
38.11045943304009,25.04265904393126,0.4973718555226232,0.9205109574266035,Konjungtiva,Non-anemia
19.924106307318,13.797170825211413,0.3972116714924787,0.9206052999526593,Konjungtiva,Anemia
34.29787709497208,27.190288759289484,0.4745378464234856,0.7119690364041333,Konjungtiva,Anemia
36.53093408815204,38.43943252800634,0.5878769138063636,0.5253998081238156,Konjungtiva,Non-anemia
32.765996784565914,24.085374936003333,0.4541460185360318,0.6644751276716474,Konjungtiva,Non-anemia
30.60606259431796,26.75612427631624,0.4975529113292191,0.6352856266186023,Konjungtiva,Anemia
18.183241669362673,16.27512759272087,0.42734821524857114,0.6449882961919805,Konjungtiva,Anemia
30.60606259431796,26.75612427631624,0.4975529113292191,0.6352856266186023,Konjungtiva,Anemia
36.81,29.022174326368578,0.4917512605042017,0.695847619047619,Konjungtiva,Non-anemia
27.912192040429574,20.448561277359634,0.4983626411889947,0.8277265113948998,Konjungtiva,Non-anemia
18.008273317064464,12.779459842866903,0.32513494178100977,0.8184356440034498,Konjungtiva,Anemia
30.8423464711274,27.51047556175901,0.5039170755378228,0.6234509324658675,Konjungtiva,Anemia
41.561080222398715,34.14915324138359,0.690053107819776,0.7925670856110514,Konjungtiva,Non-anemia
29.977529120425572,21.116168042723913,0.38904097271303273,0.7591024596576226,Konjungtiva,Anemia
27.01959156566494,19.013441256738204,0.46337644693164226,0.8505586971077103,Konjungtiva,Non-anemia
29.430026970332648,22.868273455245202,0.41396228854142797,0.5662324384353682,Konjungtiva,Non-anemia
26.952852529601728,20.67618846817161,0.42839528060955273,0.7314687941915194,Konjungtiva,Non-anemia
24.619040142356198,21.70588107621969,0.44989548025207887,0.6241584800560723,Konjungtiva,Anemia
40.99877112135178,38.60390968919938,0.5927496159754225,0.6493430920755399,Konjungtiva,Non-anemia
19.43821614046658,14.629530597678375,0.2983411483462398,0.6857989820278949,Konjungtiva,Anemia
18.992909829035398,18.390471324140243,0.42292892226934803,0.5665813469306759,Konjungtiva,Non-anemia
19.89639734172789,15.724474958548962,0.39166663237523064,0.7297291662380238,Konjungtiva,Anemia
36.3708078464459,35.82108295727864,0.6723922726652357,0.630753832855648,Konjungtiva,Anemia
36.04455978846343,29.51091523853129,0.6621179389393599,0.7675928112896319,Konjungtiva,Non-anemia
15.392482367108215,12.05503276678237,0.27551734955120877,0.6690774228149887,Konjungtiva,Non-anemia
27.303478441991246,20.385425270510904,0.44711845162976666,0.7750627932906134,Konjungtiva,Non-anemia
34.4988778805627,26.571958146263874,0.49550776575340844,0.7524597008325472,Konjungtiva,Anemia
38.07764477515366,34.53900778869856,0.5469072132249859,0.5911000310832841,Konjungtiva,Anemia
30.513237518910728,25.592059665646417,0.45448369968259617,0.5753626412743614,Konjungtiva,Anemia
22.13206004756242,18.362561438370363,0.4185758667319484,0.6787959595253084,Konjungtiva,Anemia
32.306233239584,25.767459790515424,0.4516329181944215,0.6904435971523805,Konjungtiva,Anemia
23.226173020527852,23.191783283630407,0.4612606137274069,0.5412521802464877,Konjungtiva,Non-anemia
32.808087731322814,29.977171333288943,0.5088739265411443,0.5528403822118292,Konjungtiva,Anemia
16.95878054350308,13.962110450378118,0.44493617040330635,0.7993791670584653,Konjungtiva,Anemia
21.75379381109252,14.201860369868458,0.3413228119999958,0.8934321084917198,Konjungtiva,Anemia
35.74378453038673,38.469950667107234,0.5916842703932402,0.5211420756147763,Konjungtiva,Anemia
34.71216749869606,24.72577489994667,0.4930137288504553,0.8303679776060637,Konjungtiva,Anemia
18.573296279921692,11.886084537113328,0.2425101209561068,0.7671113819114458,Konjungtiva,Non-anemia
23.311811023622056,14.728903376032054,0.32581133240697857,0.8961571715300294,Konjungtiva,Non-anemia
36.800405768492624,27.52606082378786,0.5003280338290934,0.7836858272398174,Konjungtiva,Anemia
32.834130557118726,24.044959934415154,0.4330646496077328,0.698567479890099,Konjungtiva,Anemia
38.10127905546673,40.8682415142015,0.6615605730670082,0.5913046413990514,Konjungtiva,Non-anemia
29.392818671454222,24.009820514496493,0.4322103706832823,0.5841700989192805,Konjungtiva,Anemia
27.958525739695574,22.162081580880823,0.5994969768307528,0.7943533972508107,Konjungtiva,Non-anemia
13.042228064410125,10.40008766080076,0.36201826113291197,0.8788579381802014,Konjungtiva,Anemia
36.67591718125681,25.998396657054144,0.5145009722014487,0.8458836349650649,Konjungtiva,Anemia
35.08043383947938,28.49569909190368,0.6430896176257922,0.7683885840670325,Konjungtiva,Non-anemia
25.775630184424585,18.972492539429986,0.36126941716527156,0.6641947235526247,Konjungtiva,Anemia
36.800405768492624,27.52606082378786,0.5003280338290934,0.7836858272398174,Konjungtiva,Anemia
29.060878661087855,24.819716324893946,0.5155550086143244,0.6734027948696913,Konjungtiva,Non-anemia
33.34841179807148,22.079725764032652,0.4533510170943023,0.8908667267247228,Konjungtiva,Non-anemia
24.200295094061232,15.88553123652261,0.3370574493168717,0.8373189113343604,Konjungtiva,Anemia
29.31724422442244,21.13788140718711,0.44644243836148323,0.802228531676697,Konjungtiva,Non-anemia
43.559924078091115,39.55240165803973,0.6124877716813406,0.7052486070350049,Konjungtiva,Non-anemia
14.995487873660466,12.010792061575337,0.2456063907044299,0.6179526595372122,Konjungtiva,Anemia
30.60606259431796,26.75612427631624,0.4975529113292191,0.6352856266186023,Konjungtiva,Anemia
1.5137515943877418,0.6557863155596699,0.020063806772709084,0.9902751725690276,Konjungtiva,Anemia
16.830609975190356,12.61171534650365,0.26141420037944174,0.6750130422602783,Konjungtiva,Non-anemia
23.846764755057677,19.225120223387513,0.4833852952650714,0.73105422071855,Konjungtiva,Anemia
16.80747507147339,10.62977947979582,0.24667517100976086,0.8759541749898482,Konjungtiva,Anemia
28.172410368457633,44.23130557662556,0.6647722869066188,0.38278349973418707,Konjungtiva,Non-anemia
19.6530195009436,12.690075481000074,0.25875013876383013,0.8059273740949514,Konjungtiva,Non-anemia
11.416919236940629,7.3971657683954195,0.1869761133192803,0.8636459611478751,Konjungtiva,Non-anemia
24.207003812964075,17.05097423531545,0.33785537494146767,0.7519708184297199,Konjungtiva,Anemia
28.97245418067456,18.82959823137518,0.40124438887364944,0.8792041184763679,Konjungtiva,Non-anemia
41.182696530522605,36.58567367665475,0.5758677999087206,0.6702291456767161,Konjungtiva,Non-anemia
25.14008196721312,20.56150511345356,0.4325531983285117,0.6802812600450017,Konjungtiva,Non-anemia
27.846783094202436,22.812456534463177,0.6161626268373999,0.7668445031716511,Konjungtiva,Non-anemia
28.022662889518415,18.942958356769513,0.43773838147156885,0.8636209157884116,Konjungtiva,Anemia
34.87708192026528,30.62560924452957,0.5089075376928976,0.6253931099910007,Konjungtiva,Non-anemia
23.37424591422618,19.554755231152974,0.437677942735721,0.647170229285089,Konjungtiva,Non-anemia
34.3346396690616,21.866025440342085,0.43325862459070286,0.919424415386301,Konjungtiva,Non-anemia
24.76424096385543,18.389202374127798,0.35159896054807466,0.6995628632175762,Konjungtiva,Anemia
38.06374449628706,36.29728969306114,0.5954369919092037,0.6373295089212658,Konjungtiva,Anemia
18.81725352112676,15.001209115584357,0.3801742612537973,0.7196804750069041,Konjungtiva,Anemia
25.71575621687728,18.294979320946148,0.38412947731069597,0.7876237979904558,Konjungtiva,Non-anemia
34.05583076717096,24.16292716809445,0.4507307327804599,0.8078234480296336,Konjungtiva,Anemia
21.21747001584069,16.402578467114726,0.369550159959888,0.7156556580541246,Konjungtiva,Non-anemia
19.54898473395582,17.411233641085655,0.3915409511465275,0.6099917562005287,Konjungtiva,Non-anemia
19.242471362670386,12.486763602441897,0.2592168448782094,0.805929611776292,Konjungtiva,Non-anemia
15.899757812038501,11.462724201825036,0.28551563102646693,0.7839884917284298,Konjungtiva,Non-anemia
34.03241471409493,31.1752190617254,0.57339027391945,0.6459133465210778,Konjungtiva,Anemia
18.014204968020238,13.809380003773475,0.42382018998287996,0.8480848594085857,Konjungtiva,Non-anemia
41.16461179606799,29.05066058469967,0.49075471574834534,0.8172831278462734,Konjungtiva,Anemia
34.4988778805627,26.571958146263874,0.49550776575340844,0.7524597008325472,Konjungtiva,Anemia
34.3346396690616,21.866025440342085,0.43325862459070286,0.919424415386301,Konjungtiva,Non-anemia
24.8688717259906,15.869176915238237,0.3094161102990558,0.7988688289284821,Konjungtiva,Non-anemia
26.619472575955086,26.219576754165153,0.473893237230719,0.5507611728136557,Konjungtiva,Non-anemia
25.468256538991,19.20840521752978,0.42497971575058074,0.757060744777302,Konjungtiva,Non-anemia
19.762167850565646,20.212673137972303,0.3858938050358265,0.48325569638536814,Konjungtiva,Anemia
38.57565303104977,36.11002493236779,0.5755061413426878,0.6421953568678991,Konjungtiva,Anemia
33.463618240717665,40.64341314919366,0.7111063064647738,0.5117131577275814,Konjungtiva,Non-anemia
34.42192456820584,24.622879655641718,0.4885000034557355,0.8221215451284497,Konjungtiva,Anemia
18.07553072625697,10.871963228616899,0.2568241866579034,0.9296588892540256,Konjungtiva,Non-anemia
11.48021711184117,8.68680766303358,0.2924674626313888,0.9027819555189595,Konjungtiva,Anemia
20.503732854910595,18.019921768514457,0.4504863094609914,0.6546706928619008,Konjungtiva,Non-anemia
26.870784712557537,23.575347360829603,0.49842671251136145,0.6483006605918248,Konjungtiva,Anemia
25.84349737069303,29.559790997049838,0.5541938869574987,0.4834280560980377,Konjungtiva,Anemia
24.859099804305288,17.793784622125706,0.40162171967167937,0.7926644132123584,Konjungtiva,Anemia
26.018062827225123,19.957312544093362,0.3744102248229134,0.6871998083701194,Konjungtiva,Anemia
36.64780405405406,36.08643998602419,0.6691206831831832,0.6312845014131779,Konjungtiva,Anemia
22.746034623402522,17.71423055946024,0.38719776499378866,0.7077455689971085,Konjungtiva,Non-anemia
28.949433427762045,20.62569715909337,0.4378089762817308,0.8088518580236628,Konjungtiva,Non-anemia
28.170062796360384,29.613822855727868,0.591364306840255,0.5458850668295,Konjungtiva,Anemia
32.90888436226888,27.59347934653644,0.6766533940432957,0.7493578753971033,Konjungtiva,Anemia
22.624588417586665,21.693973312446623,0.44119204141079243,0.5598253789216635,Konjungtiva,Non-anemia
21.197644942350138,15.472793060951373,0.4293490721989998,0.8432687327936326,Konjungtiva,Non-anemia
30.60606259431796,26.75612427631624,0.4975529113292191,0.6352856266186023,Konjungtiva,Anemia
20.693610101396587,15.56033827782577,0.36719409401411224,0.7428123956680434,Konjungtiva,Anemia
34.26561942163514,24.63452938182691,0.48857445870172417,0.8177356126313431,Konjungtiva,Anemia
41.494659206510676,36.73926708018067,0.5767199249995013,0.6879610236770192,Konjungtiva,Non-anemia
33.08363301060396,26.29124936846563,0.4717312577405328,0.7135211853298258,Konjungtiva,Anemia
16.196099103848184,14.383411486095499,0.3377460799818082,0.6035833669261063,Konjungtiva,Anemia
28.05337182618996,19.38179152969841,0.42726141903944936,0.83229248765166,Konjungtiva,Anemia
32.90888436226888,27.59347934653644,0.6766533940432957,0.7493578753971033,Konjungtiva,Anemia
15.632027376213415,11.249632660736264,0.2781810538308486,0.7807049183246174,Konjungtiva,Anemia
27.969111127262153,19.397592438047127,0.4275923495352062,0.8286283915412229,Konjungtiva,Anemia
17.777258917519987,11.29664137664319,0.23195149557516265,0.7607911534142182,Konjungtiva,Non-anemia
31.151505424664578,25.226607974558448,0.6363721273320267,0.7706963635425281,Konjungtiva,Anemia
19.348292469352003,16.54744849406495,0.4201226491764248,0.6733806073509381,Konjungtiva,Anemia
21.95449613887294,15.155583113746918,0.35410671001440336,0.8312006096714006,Konjungtiva,Non-anemia
34.825811777655474,22.416841987254887,0.45056357710943484,0.9193445347318895,Konjungtiva,Non-anemia
16.936480930100657,14.9725670165346,0.43912283189186635,0.6928921916136368,Konjungtiva,Anemia
31.591299836964566,20.981703723249588,0.4319322749108536,0.8774598441718469,Konjungtiva,Non-anemia
39.6921964217739,28.32149323657123,0.5290666308396217,0.8499094620718481,Konjungtiva,Non-anemia
17.723672512729337,11.019731312923042,0.22770421997296453,0.8229582756888418,Konjungtiva,Anemia
28.97245418067456,18.82959823137518,0.40124438887364944,0.8792041184763679,Konjungtiva,Non-anemia
22.12674564191468,14.470296831757246,0.3459992106252113,0.8905004976082699,Konjungtiva,Anemia
17.71239295524316,11.019386950474797,0.22770158313769845,0.8226328178710488,Konjungtiva,Anemia
33.943009006348746,26.489812840345863,0.4714492086514216,0.7264797074890786,Konjungtiva,Anemia
12.96389801812569,8.859520044753122,0.23776184310991602,0.8525998308894318,Konjungtiva,Non-anemia
15.169291540553019,10.863131927756164,0.2717890685746417,0.7886477096353341,Konjungtiva,Anemia
20.70528080469404,18.208922419878437,0.4523048940168412,0.6534014868870153,Konjungtiva,Non-anemia
38.878100637845506,34.63333067533898,0.5680715943358209,0.6686927641361293,Konjungtiva,Non-anemia
28.58390886436453,17.4917846706788,0.34229137436391427,0.7418259236766974,Konjungtiva,Non-anemia
29.087692583303465,31.91231475313605,0.5281868892307908,0.500533929085787,Konjungtiva,Non-anemia
18.81725352112676,15.001209115584357,0.3801742612537973,0.7196804750069041,Konjungtiva,Anemia
22.04229097749237,16.590238191429485,0.42336152986199344,0.7368481698964856,Konjungtiva,Anemia
33.40856872550344,28.480191926872056,0.49358710371565845,0.6553683725145688,Konjungtiva,Non-anemia
12.846514191237247,7.733192868933214,0.19158503485898815,0.94171047678739,Konjungtiva,Non-anemia
34.38713318284425,22.03053973902187,0.437153985747798,0.9146508505584326,Konjungtiva,Non-anemia
27.02984244670992,25.697120928326456,0.5279928764833087,0.5978269639644551,Konjungtiva,Anemia
22.21647991942592,15.784518706699435,0.3701557420147966,0.8086649238569908,Konjungtiva,Non-anemia
30.7832280298679,37.2925198293838,0.6108436665878298,0.4809309502089176,Konjungtiva,Non-anemia
18.021091986455986,15.732404645809162,0.340108661974948,0.5995601513743194,Konjungtiva,Anemia
36.767267122627885,28.5255739440871,0.535281462551305,0.7714448152828225,Konjungtiva,Anemia
26.783859339365847,16.65449618996049,0.31758618550782336,0.8096632782444251,Konjungtiva,Anemia
21.75379381109252,14.201860369868458,0.3413228119999958,0.8934321084917198,Konjungtiva,Anemia
14.713088135337216,12.56537742587569,0.35632638373678904,0.7021675100067971,Konjungtiva,Anemia
22.012182314639773,14.772509010754753,0.32599127167495157,0.579676922929082,Konjungtiva,Anemia
28.268634934889974,18.518981852685545,0.4010393829736654,0.8763143065937646,Konjungtiva,Non-anemia
22.980751760163514,17.994761779165415,0.5335954095469666,0.8127070223956038,Konjungtiva,Anemia
26.764820846905536,21.616859048749106,0.528586006968839,0.7376324398742486,Konjungtiva,Anemia
27.29256267701669,18.632017465854833,0.43244210513325226,0.8592215276963612,Konjungtiva,Anemia
18.81725352112676,15.001209115584357,0.3801742612537973,0.7196804750069041,Konjungtiva,Anemia
25.138972587638705,16.518909394938632,0.3242932919474838,0.7009990532554611,Konjungtiva,Non-anemia
30.687700534759358,26.974728949817273,0.5550466603753801,0.668470448428926,Konjungtiva,Non-anemia
22.507482712354204,26.267900553461487,0.5577167558116238,0.4740500142672406,Konjungtiva,Non-anemia
24.207003812964075,17.05097423531545,0.33785537494146767,0.7519708184297199,Konjungtiva,Anemia
37.57141009892027,27.85168413127157,0.5366352398591815,0.8168655087301617,Konjungtiva,Non-anemia
27.29256267701669,18.632017465854833,0.43244210513325226,0.8592215276963612,Konjungtiva,Anemia
25.972343378271205,18.107223272779827,0.3748149616706318,0.7884226648629317,Konjungtiva,Anemia
15.742881999367285,9.247170125613158,0.1948638740532594,0.8447339201419257,Konjungtiva,Non-anemia
35.448272651084835,28.644087412050645,0.6498812282152828,0.7752728281926422,Konjungtiva,Non-anemia
27.29256267701669,18.632017465854833,0.43244210513325226,0.8592215276963612,Konjungtiva,Anemia
16.70881523957624,12.492371636866784,0.2609365798997216,0.6793274370687141,Konjungtiva,Non-anemia
32.05529272619751,30.830023958419183,0.5144525225820665,0.5371180760890991,Konjungtiva,Non-anemia
11.783439060601978,8.993935601463532,0.24752672293104042,0.7669202003922098,Konjungtiva,Non-anemia
27.983909668313345,26.298152697605648,0.521859216516529,0.6036962929137781,Konjungtiva,Anemia
31.151505424664578,25.226607974558448,0.6363721273320267,0.7706963635425281,Konjungtiva,Anemia
26.764820846905536,21.616859048749106,0.528586006968839,0.7376324398742486,Konjungtiva,Anemia
17.098767181521907,13.821926661155315,0.4117485906081293,0.7630954663288015,Konjungtiva,Non-anemia
28.268634934889974,18.518981852685545,0.4010393829736654,0.8763143065937646,Konjungtiva,Non-anemia
30.60606259431796,26.75612427631624,0.4975529113292191,0.6352856266186023,Konjungtiva,Anemia
21.75379381109252,14.201860369868458,0.3413228119999958,0.8934321084917198,Konjungtiva,Anemia
25.20718075028421,19.058844221663197,0.3698626930878452,0.5335677507077101,Konjungtiva,Non-anemia
32.57628178407671,21.625063112231004,0.39329213969873067,0.6972586616972758,Konjungtiva,Anemia
30.508477734302204,26.728262251241517,0.7141858196604522,0.7232479775339737,Konjungtiva,Anemia
19.832145684877275,14.77736119994053,0.4056332905291966,0.8041340368293003,Konjungtiva,Anemia
36.3708078464459,35.82108295727864,0.6723922726652357,0.630753832855648,Konjungtiva,Anemia
34.3346396690616,21.866025440342085,0.43325862459070286,0.919424415386301,Konjungtiva,Non-anemia
17.098767181521907,13.821926661155315,0.4117485906081293,0.7630954663288015,Konjungtiva,Non-anemia
33.67827366356056,24.258539787682842,0.4900464472203791,0.8193847426170076,Konjungtiva,Anemia
30.60606259431796,26.75612427631624,0.4975529113292191,0.6352856266186023,Konjungtiva,Anemia
15.825445525164838,11.237854059476193,0.28572181924535595,0.801332959582423,Konjungtiva,Anemia
30.60606259431796,26.75612427631624,0.4975529113292191,0.6352856266186023,Konjungtiva,Anemia
17.098767181521907,13.821926661155315,0.4117485906081293,0.7630954663288015,Konjungtiva,Non-anemia
31.36280487804879,39.17788223365633,0.6249062540759097,0.4733302356419286,Konjungtiva,Non-anemia
20.129225893200157,14.350770525251288,0.34193690538066934,0.7962119500124292,Konjungtiva,Anemia
30.8423464711274,27.51047556175901,0.5039170755378228,0.6234509324658675,Konjungtiva,Anemia
32.989918519541504,28.53280963312328,0.49344229889165997,0.6449309623034409,Konjungtiva,Non-anemia
21.030220955096212,13.65830306229956,0.29521305885148075,0.8058499294229452,Konjungtiva,Non-anemia
35.92376017764619,31.3755758015414,0.5239140215671761,0.6352346119795068,Konjungtiva,Non-anemia
36.60966981132074,36.91111715934865,0.5803613269207053,0.534215069675669,Konjungtiva,Anemia
20.538226804123724,16.08636573030342,0.46113862947240747,0.7959846371538306,Konjungtiva,Anemia
0.8896683673469283,0.3662591305214846,0.010861297644057624,0.9915652198379351,Konjungtiva,Anemia
28.130888088808888,17.304259271961755,0.33031597277374797,0.8240065182988887,Konjungtiva,Anemia
15.767501555693826,11.47822532052567,0.2870148370486963,0.77871017728809,Konjungtiva,Anemia
27.858196087757904,18.938901981492727,0.4373405893661347,0.8580913975674104,Konjungtiva,Anemia
30.307897966339425,23.026072006700105,0.5909870610235679,0.8215177515606523,Konjungtiva,Non-anemia
28.98990666377253,18.828078887703725,0.40117979034461626,0.8797771507126836,Konjungtiva,Non-anemia
30.60606259431796,26.75612427631624,0.4975529113292191,0.6352856266186023,Konjungtiva,Anemia
19.242471362670386,12.486763602441897,0.2592168448782094,0.805929611776292,Konjungtiva,Non-anemia
23.242317493629145,15.13782324608961,0.33649069281437655,0.8675390407999506,Konjungtiva,Non-anemia
38.33723934305223,25.412233478261072,0.5022835412075884,0.9150081955646256,Konjungtiva,Non-anemia
37.93294856560857,35.83467091069754,0.572981716876192,0.6330447575397499,Konjungtiva,Anemia
27.011610519834647,26.343067930070173,0.471497139624607,0.5559841950677711,Konjungtiva,Non-anemia
1.8811583227040956,0.7901111467408128,0.026235572353941576,0.9798003576430572,Konjungtiva,Anemia
26.86160164271047,42.563331591612005,0.6509352981438983,0.37110721906832544,Konjungtiva,Non-anemia
16.85968655124313,13.775960948616284,0.36983960729610627,0.7203400602055872,Konjungtiva,Anemia
19.655393870417043,14.774984832694837,0.4192699142904052,0.8306367567757125,Konjungtiva,Anemia
12.747139389736475,9.545652660481974,0.2269607843137255,0.6855307171412255,Konjungtiva,Anemia
26.018062827225123,19.957312544093362,0.3744102248229134,0.6871998083701194,Konjungtiva,Anemia
25.334417208604293,22.815603926861595,0.43110771071810416,0.5946399670423448,Konjungtiva,Anemia
28.90986857825567,25.198844813632682,0.445277110127205,0.600480146180336,Konjungtiva,Non-anemia
27.02257320063464,16.532525555970512,0.3164660065670578,0.8240011539016299,Konjungtiva,Anemia
15.421864050455497,10.970796773790648,0.27411529588865835,0.7937061922799176,Konjungtiva,Anemia
16.25350120243317,13.431127846526447,0.32521365032078753,0.665275616541708,Konjungtiva,Anemia
32.306233239584,25.767459790515424,0.4516329181944215,0.6904435971523805,Konjungtiva,Anemia
32.04767441860466,35.23626741132073,0.5555266757865936,0.46647286821705425,Konjungtiva,Non-anemia
30.7832280298679,37.2925198293838,0.6108436665878298,0.4809309502089176,Konjungtiva,Non-anemia
35.87211686314711,26.128088938000758,0.483643380468538,0.7996190993055347,Konjungtiva,Anemia
35.66085731237021,25.486812616140362,0.5080589340452882,0.8352129757272235,Konjungtiva,Anemia
16.171620544357125,13.314217082906943,0.4366118022200339,0.8137375483162176,Konjungtiva,Anemia
28.903390377784945,29.249542598247125,0.5103848759393974,0.549347312706161,Konjungtiva,Anemia
23.813736217490117,16.62326085638024,0.36905522245932293,0.7983262120604492,Konjungtiva,Anemia
27.161445279866342,26.13429853109357,0.46470806646245244,0.5624330433927957,Konjungtiva,Non-anemia
22.331559307518205,15.129443866726211,0.32511859824372646,0.795107095263627,Konjungtiva,Non-anemia
25.385550136397455,17.295518259508036,0.331645019750481,0.7698168562291412,Konjungtiva,Anemia
18.848329696155787,13.12090844631113,0.3842396653138341,0.922867807522539,Konjungtiva,Anemia
20.031142705159823,14.350286295879222,0.34182219529332114,0.7917239142864457,Konjungtiva,Anemia
39.0452286282306,45.984480045720176,0.6587689548980625,0.520880598760379,Konjungtiva,Non-anemia
23.4149452534146,28.01648936454486,0.5067968986894904,0.4435464986310587,Konjungtiva,Anemia
40.514024152707435,34.50915559802819,0.553126790256422,0.6926365559858536,Konjungtiva,Non-anemia
26.711700844390833,28.443483144548097,0.5663026824454483,0.5322702891637824,Konjungtiva,Non-anemia
11.932280806275458,9.638313197417148,0.2514846550277345,0.6927134988639483,Konjungtiva,Anemia
37.45121951219511,30.737230410040706,0.5106617647058823,0.7039783596365375,Konjungtiva,Non-anemia
23.360501897933375,14.374605262342133,0.3030011329711134,0.7110307556173039,Konjungtiva,Non-anemia
33.08363301060396,26.29124936846563,0.4717312577405328,0.7135211853298258,Konjungtiva,Anemia
27.969111127262153,19.397592438047127,0.4275923495352062,0.8286283915412229,Konjungtiva,Anemia
21.607193833856684,16.227162546469522,0.34111452555139476,0.7145471948413965,Konjungtiva,Non-anemia
28.388567652403765,22.06411936671295,0.4134485249576454,0.7048269696115683,Konjungtiva,Anemia
33.70111631256751,30.52539155158498,0.5094409964201742,0.5587818706884987,Konjungtiva,Non-anemia
28.46892248620111,26.585029291008922,0.4807375409967202,0.5813421985064724,Konjungtiva,Non-anemia
24.402942714168347,16.839876637040696,0.3225149705860386,0.7383699525071064,Konjungtiva,Anemia
16.572261827608543,13.332559168040703,0.4056561574727104,0.7796662346079066,Konjungtiva,Anemia
33.654323880946805,39.405155008325906,0.7074297197982388,0.5290380193949309,Konjungtiva,Non-anemia
28.761354888375678,25.64538963779812,0.45669519539917586,0.5155474044891244,Konjungtiva,Anemia
1.4395328443877418,0.5765999873783567,0.020213554171668667,0.9860512955182072,Konjungtiva,Anemia
19.54986617833498,11.067571595953618,0.2315904753224011,0.7844714389488716,Konjungtiva,Anemia
33.176580999133705,32.63062272847097,0.5783767333095525,0.5983333616438201,Konjungtiva,Non-anemia
33.311256686098915,26.441101076554794,0.4590740629444878,0.6962748751162223,Konjungtiva,Anemia
20.043389899400466,15.523449887703888,0.3123204042311976,0.6676903949263884,Konjungtiva,Anemia
34.56659619450318,27.31514261531447,0.47003109066036564,0.6760237118103055,Konjungtiva,Non-anemia
28.330652622589128,19.429893454415613,0.42822016715019934,0.8392402466644618,Konjungtiva,Anemia
24.497254335260124,22.036350485372424,0.5223361290566323,0.6460640749556085,Konjungtiva,Anemia
23.150102514298055,18.50454309958498,0.37452651935922743,0.6639803477234208,Konjungtiva,Non-anemia
21.75379381109252,14.201860369868458,0.3413228119999958,0.8934321084917198,Konjungtiva,Anemia
25.307809297097123,15.703912665970199,0.3437395059855589,0.7343752471563246,Konjungtiva,Non-anemia
1.4259207589285836,0.5764508917780908,0.019708039465786316,0.9863587622549019,Konjungtiva,Non-anemia
29.119309548410627,18.430852836879332,0.4025210254283443,0.917994334426167,Konjungtiva,Non-anemia
18.426421815501783,12.240458681916921,0.25770163611446295,0.7768547487782731,Konjungtiva,Anemia
36.67591718125681,25.998396657054144,0.5145009722014487,0.8458836349650649,Konjungtiva,Anemia
16.957061068702302,13.923676694469211,0.4406404355635384,0.8000318066157761,Konjungtiva,Anemia
26.519281090758852,19.43091264467318,0.4751762707562022,0.8146511985871335,Konjungtiva,Non-anemia
14.104174982038785,12.399010100445595,0.36691225384541937,0.6862075172529298,Konjungtiva,Anemia
18.006321452589106,11.37800495051522,0.23355881693632397,0.8173540620013977,Konjungtiva,Anemia
20.402071626836374,28.26483359463168,0.5039745340963547,0.36800938776431297,Konjungtiva,Anemia
30.495773903856303,30.84762541791315,0.5119863687683209,0.489733072309748,Konjungtiva,Non-anemia
28.268634934889974,18.518981852685545,0.4010393829736654,0.8763143065937646,Konjungtiva,Non-anemia
1.2700892857142776,0.5088552670738711,0.016415394282713085,0.9870707658063226,Konjungtiva,Anemia
2.5759925063775597,1.0429449708897476,0.029298672594037612,0.9793644020108043,Konjungtiva,Anemia
17.71239295524316,11.019386950474797,0.22770158313769845,0.8226328178710488,Konjungtiva,Anemia
20.501563342318065,11.762207896985588,0.2855054172612441,0.6994915702129908,Konjungtiva,Non-anemia
23.205740541153773,27.908057999224113,0.5081121903636945,0.44224100440561953,Konjungtiva,Anemia
0.8400629783163254,0.3371587457920988,0.01097532763105242,0.9920989489545818,Konjungtiva,Anemia
28.268634934889974,18.518981852685545,0.4010393829736654,0.8763143065937646,Konjungtiva,Non-anemia
42.4949406421799,38.93821237527666,0.5948892440411748,0.6679105328690316,Konjungtiva,Non-anemia
2.115513392857139,0.8408291798238654,0.028706404436774708,0.9792094962985194,Konjungtiva,Anemia
16.061663033322958,13.379220661047642,0.37557945216911637,0.7198278792467885,Konjungtiva,Anemia
22.62079980342773,15.56780430847673,0.324447592170353,0.7555970702059311,Konjungtiva,Anemia
32.023867423218945,42.047716029777305,0.8551975883571478,0.4885363962751632,Konjungtiva,Anemia
37.692099433915814,31.06271942926535,0.5165332290927693,0.6985092634149401,Konjungtiva,Non-anemia
29.4381067961165,28.67787262299153,0.4835855701503903,0.48549876261184083,Konjungtiva,Anemia
23.35310586176729,16.80516215357124,0.41862384848952705,0.825758152779922,Konjungtiva,Non-anemia
26.440099250229252,16.35606813721049,0.3564352414464896,0.9255949038011019,Konjungtiva,Non-anemia
31.36280487804879,39.17788223365633,0.6249062540759097,0.4733302356419286,Konjungtiva,Non-anemia
21.030220955096212,13.65830306229956,0.29521305885148075,0.8058499294229452,Konjungtiva,Non-anemia
26.764820846905536,21.616859048749106,0.528586006968839,0.7376324398742486,Konjungtiva,Anemia
38.57565303104977,36.11002493236779,0.5755061413426878,0.6421953568678991,Konjungtiva,Anemia
30.74584103512015,26.673962096743065,0.5638599543329347,0.6828436809104419,Konjungtiva,Non-anemia
29.513209750401387,29.5476422264221,0.4944439197369212,0.5302056948892533,Konjungtiva,Non-anemia
18.81725352112676,15.001209115584357,0.3801742612537973,0.7196804750069041,Konjungtiva,Anemia
42.85135531852433,41.13675994826753,0.6546736279402651,0.6787326184020922,Konjungtiva,Non-anemia
32.36917112591459,20.942114853732985,0.43135627517360553,0.902334226253568,Konjungtiva,Non-anemia
24.456235581490034,28.295266617797665,0.48233697604431924,0.44027177976632365,Konjungtiva,Anemia
30.698955916473324,23.50129861046124,0.4255285408827104,0.7171016202304588,Konjungtiva,Anemia
34.05583076717096,24.16292716809445,0.4507307327804599,0.8078234480296336,Konjungtiva,Anemia
39.9797684014375,52.21434966029952,0.7994581940323048,0.5377938370876102,Konjungtiva,Anemia
32.90888436226888,27.59347934653644,0.6766533940432957,0.7493578753971033,Konjungtiva,Anemia
27.40948770962555,20.559452026541347,0.384829033841885,0.6616667342333211,Konjungtiva,Non-anemia
19.756084656084653,16.837884434366845,0.3798073303395432,0.6363629896403006,Konjungtiva,Anemia
29.42645985401461,47.70629720548691,0.6916290968942322,0.38265278374123374,Konjungtiva,Non-anemia
27.086862927623912,20.156171606412432,0.4196295180860336,0.7539240783583622,Konjungtiva,Non-anemia
16.165078104315597,9.627435326995926,0.2276160662835428,0.9309634682573056,Konjungtiva,Non-anemia
33.41235813366961,28.51472725468096,0.4810424548129466,0.5793899232664903,Konjungtiva,Non-anemia
18.761450629298054,11.728676506281,0.301482736600544,0.6010156287764878,Konjungtiva,Anemia
24.497254335260124,22.036350485372424,0.5223361290566323,0.6460640749556085,Konjungtiva,Anemia
35.85277740951875,36.0346162083107,0.6597741575750015,0.6141302285198846,Konjungtiva,Anemia
32.598237022526945,31.954723973197208,0.5713763899291352,0.5968662019166139,Konjungtiva,Non-anemia
28.758499497919956,22.08854891756138,0.5899704940073863,0.8195977171531358,Konjungtiva,Non-anemia
35.87211686314711,26.128088938000758,0.483643380468538,0.7996190993055347,Konjungtiva,Anemia
38.778456221198155,35.88228614166318,0.5729818378964489,0.6483861931869522,Konjungtiva,Anemia
30.8423464711274,27.51047556175901,0.5039170755378228,0.6234509324658675,Konjungtiva,Anemia
22.12674564191468,14.470296831757246,0.3459992106252113,0.8905004976082699,Konjungtiva,Anemia
23.917959448733683,27.709181776526172,0.5705382925231569,0.4806537551163044,Konjungtiva,Anemia
18.848329696155787,13.12090844631113,0.3842396653138341,0.922867807522539,Konjungtiva,Anemia
22.26019656019656,18.147890103925324,0.38963594610653435,0.66472386825328,Konjungtiva,Anemia
24.066374805818384,18.217870581533813,0.3809816936236435,0.7161955080012516,Konjungtiva,Anemia
30.854721030042924,40.86227279033323,0.7875749670397486,0.4705225953042161,Konjungtiva,Anemia
30.19459331651956,25.309337985250878,0.44562594268476624,0.6170304502633336,Konjungtiva,Non-anemia
13.95145018915511,11.949117991064773,0.4028179577842066,0.784258709789086,Konjungtiva,Anemia
40.02971014492755,35.576437266177095,0.5638505257175334,0.6723330491616937,Konjungtiva,Non-anemia
38.06374449628706,36.29728969306114,0.5954369919092037,0.6373295089212658,Konjungtiva,Anemia
39.58870523415979,32.16783397027123,0.5272554421217522,0.6446896775239022,Konjungtiva,Non-anemia
23.797278808148377,16.38540137952411,0.3686885578189926,0.7968042613822666,Konjungtiva,Non-anemia
23.448765107724654,18.43787843507041,0.37469671210575667,0.6767518778399431,Konjungtiva,Non-anemia
16.747074348886997,13.695493318411378,0.44116426511842727,0.8113671004978855,Konjungtiva,Anemia
35.77696889477167,33.32496252821851,0.5425416228701938,0.621328557895693,Konjungtiva,Non-anemia
26.786226339105923,17.92808582318335,0.35084061816430157,0.727185488774648,Konjungtiva,Non-anemia
15.396084030185591,13.90845250395425,0.33764201989178294,0.5993909291230259,Konjungtiva,Anemia
16.196505082752253,11.897527702160282,0.2969002706518212,0.7742434350872164,Konjungtiva,Anemia
24.854926838303385,19.810549959484458,0.4924446792979092,0.7428966511590744,Konjungtiva,Anemia
21.75379381109252,14.201860369868458,0.3413228119999958,0.8934321084917198,Konjungtiva,Anemia
15.619609164420496,18.03928524794496,0.4289279107869563,0.46016806722689074,Konjungtiva,Anemia
31.32677959739101,48.87084135092088,0.842435601240637,0.4181583477556008,Konjungtiva,Anemia
23.917959448733683,27.709181776526172,0.5705382925231569,0.4806537551163044,Konjungtiva,Anemia
22.331559307518205,15.129443866726211,0.32511859824372646,0.795107095263627,Konjungtiva,Non-anemia
38.778456221198155,35.88228614166318,0.5729818378964489,0.6483861931869522,Konjungtiva,Anemia
34.38713318284425,22.03053973902187,0.437153985747798,0.9146508505584326,Konjungtiva,Non-anemia
39.6921964217739,28.32149323657123,0.5290666308396217,0.8499094620718481,Konjungtiva,Non-anemia
26.617290458618868,20.022325024425847,0.42825651785929625,0.7290665343628226,Konjungtiva,Anemia
28.268634934889974,18.518981852685545,0.4010393829736654,0.8763143065937646,Konjungtiva,Non-anemia
21.493421973407976,15.448881243211021,0.4677053746621112,0.8981196229366485,Konjungtiva,Anemia
34.29787709497208,27.190288759289484,0.4745378464234856,0.7119690364041333,Konjungtiva,Anemia
28.170062796360384,29.613822855727868,0.591364306840255,0.5458850668295,Konjungtiva,Anemia
38.57565303104977,36.11002493236779,0.5755061413426878,0.6421953568678991,Konjungtiva,Anemia
26.553240740740733,22.635998146693304,0.48772850775048204,0.6695596373926327,Konjungtiva,Anemia
19.62887458273724,17.18279141506556,0.5115837751409577,0.7139197452943982,Konjungtiva,Non-anemia
32.306233239584,25.767459790515424,0.4516329181944215,0.6904435971523805,Konjungtiva,Anemia
23.30322160754963,16.481055356563125,0.3832305405077749,0.8070039496436388,Konjungtiva,Anemia
28.97245418067456,18.82959823137518,0.40124438887364944,0.8792041184763679,Konjungtiva,Non-anemia
34.38713318284425,22.03053973902187,0.437153985747798,0.9146508505584326,Konjungtiva,Non-anemia
34.38713318284425,22.03053973902187,0.437153985747798,0.9146508505584326,Konjungtiva,Non-anemia
42.18532338308458,35.55201856219033,0.8052854130553867,0.7970329348731456,Konjungtiva,Non-anemia
26.50572320499481,23.714271185066636,0.4197302646344698,0.4619126318581543,Konjungtiva,Anemia
15.481942939689418,16.021491138411026,0.48451093691358815,0.5840237503452085,Konjungtiva,Non-anemia
17.098767181521907,13.821926661155315,0.4117485906081293,0.7630954663288015,Konjungtiva,Non-anemia
18.426421815501783,12.240458681916921,0.25770163611446295,0.7768547487782731,Konjungtiva,Anemia
34.82278756251358,26.494332329311288,0.49545105713518284,0.762770892222947,Konjungtiva,Anemia
18.093511934992392,11.556277897906986,0.2364873679283801,0.7636196835260259,Konjungtiva,Non-anemia
30.8423464711274,27.51047556175901,0.5039170755378228,0.6234509324658675,Konjungtiva,Anemia
1.0611049107142776,0.4358971128400224,0.014562856392557022,0.9899223752000801,Konjungtiva,Non-anemia
32.35043978572847,20.63999251077151,0.3797424955035913,0.8387237071933462,Konjungtiva,Non-anemia
37.741010468821116,36.70789217656938,0.5838157201888493,0.6042785616750114,Konjungtiva,Non-anemia
28.98990666377253,18.828078887703725,0.40117979034461626,0.8797771507126836,Konjungtiva,Non-anemia
34.3346396690616,21.866025440342085,0.43325862459070286,0.919424415386301,Konjungtiva,Non-anemia
30.548770905825563,25.475550454720207,0.4496202342200771,0.6202005462640775,Konjungtiva,Non-anemia
21.833842429831122,16.783664337212876,0.37298929484767224,0.7179632523864251,Konjungtiva,Non-anemia
18.848329696155787,13.12090844631113,0.3842396653138341,0.922867807522539,Konjungtiva,Anemia
45.34024604569419,40.94880099441711,0.6140025500534133,0.7144691409076812,Konjungtiva,Non-anemia
22.775335478778317,15.556931991074663,0.3243941380061649,0.7623192236394224,Konjungtiva,Anemia
34.05583076717096,24.16292716809445,0.4507307327804599,0.8078234480296336,Konjungtiva,Anemia
24.76424096385543,18.389202374127798,0.35159896054807466,0.6995628632175762,Konjungtiva,Anemia
18.389342242181925,15.623620000732963,0.38223084184109046,0.6555834404521435,Konjungtiva,Non-anemia
36.767267122627885,28.5255739440871,0.535281462551305,0.7714448152828225,Konjungtiva,Anemia
31.739363314805445,29.986573800975446,0.5576835200982869,0.6155657937758227,Konjungtiva,Non-anemia
30.8423464711274,27.51047556175901,0.5039170755378228,0.6234509324658675,Konjungtiva,Anemia
41.732638101715395,34.65579209076968,0.6884645190351514,0.7849313140203561,Konjungtiva,Non-anemia
19.832145684877275,14.77736119994053,0.4056332905291966,0.8041340368293003,Konjungtiva,Anemia
34.33709614636044,30.80212363561996,0.51424144589716,0.6218166830765004,Konjungtiva,Non-anemia
19.121097386878517,14.921269617748933,0.3114483953844712,0.6712181787866286,Konjungtiva,Non-anemia
13.104039571310807,8.071560450498216,0.2012605272941823,0.9272725215395309,Konjungtiva,Non-anemia
20.454831758660703,23.447808852999263,0.45155175944072307,0.4546714204771361,Konjungtiva,Non-anemia
27.969111127262153,19.397592438047127,0.4275923495352062,0.8286283915412229,Konjungtiva,Anemia
27.23027876631079,20.134420113811082,0.3931666201474659,0.7284069499685994,Konjungtiva,Anemia
22.222933643771825,17.06445487810648,0.35669246045333153,0.7056577415599534,Konjungtiva,Non-anemia
33.67827366356056,24.258539787682842,0.4900464472203791,0.8193847426170076,Konjungtiva,Anemia
22.775335478778317,15.556931991074663,0.3243941380061649,0.7623192236394224,Konjungtiva,Anemia
23.999277232834288,16.288680882374695,0.35645499913956286,0.8128320528004697,Konjungtiva,Non-anemia
17.254758700249965,15.545089601427575,0.3536046989455271,0.5912418803322136,Konjungtiva,Anemia
39.12931034482759,37.217390919823636,0.6266116309334264,0.6597043192508742,Konjungtiva,Non-anemia
1.9391940369897895,0.8160869419129746,0.025540137930172072,0.9871151585634254,Konjungtiva,Non-anemia
38.00860597967207,29.012023038401825,0.4898574252759194,0.7176493863366253,Konjungtiva,Anemia
30.8423464711274,27.51047556175901,0.5039170755378228,0.6234509324658675,Konjungtiva,Anemia
43.48279849667534,43.098324829676926,0.6397564750097785,0.6592010611703484,Konjungtiva,Non-anemia
26.85883011126998,22.20349958223742,0.4853040513774976,0.6950256997185646,Konjungtiva,Anemia
22.12674564191468,14.470296831757246,0.3459992106252113,0.8905004976082699,Konjungtiva,Anemia
34.11242076069732,40.35033043264713,0.6563775985830148,0.5193833317796215,Konjungtiva,Anemia
23.846764755057677,19.225120223387513,0.4833852952650714,0.73105422071855,Konjungtiva,Anemia
38.778456221198155,35.88228614166318,0.5729818378964489,0.6483861931869522,Konjungtiva,Anemia
27.29256267701669,18.632017465854833,0.43244210513325226,0.8592215276963612,Konjungtiva,Anemia
11.932280806275458,9.638313197417148,0.2514846550277345,0.6927134988639483,Konjungtiva,Anemia
24.76424096385543,18.389202374127798,0.35159896054807466,0.6995628632175762,Konjungtiva,Anemia
27.798849900246438,18.943336734513537,0.43760950454586245,0.855721159488323,Konjungtiva,Anemia
42.1268484288355,42.97671430591128,0.6336559022869777,0.6217117900764741,Konjungtiva,Non-anemia
15.421864050455497,10.970796773790648,0.27411529588865835,0.7937061922799176,Konjungtiva,Anemia
26.619472575955086,26.219576754165153,0.473893237230719,0.5507611728136557,Konjungtiva,Non-anemia
38.778456221198155,35.88228614166318,0.5729818378964489,0.6483861931869522,Konjungtiva,Anemia
31.439012584704756,32.74488252501981,0.5340109712810583,0.4947819979879658,Konjungtiva,Anemia
22.12674564191468,14.470296831757246,0.3459992106252113,0.8905004976082699,Konjungtiva,Anemia
18.631450959200208,11.491925106081924,0.24206282350821984,0.8252324490996075,Konjungtiva,Non-anemia
23.572164603546327,16.59718396637757,0.38950058712009394,0.8213987234237957,Konjungtiva,Non-anemia
31.946303377947743,29.951972526950964,0.581273822467164,0.6279111835938965,Konjungtiva,Non-anemia
30.8423464711274,27.51047556175901,0.5039170755378228,0.6234509324658675,Konjungtiva,Anemia
17.098767181521907,13.821926661155315,0.4117485906081293,0.7630954663288015,Konjungtiva,Non-anemia
26.018062827225123,19.957312544093362,0.3744102248229134,0.6871998083701194,Konjungtiva,Anemia
19.56345840130507,12.529419762680494,0.2581727921184787,0.8173163164123725,Konjungtiva,Non-anemia
26.018062827225123,19.957312544093362,0.3744102248229134,0.6871998083701194,Konjungtiva,Anemia
36.16175961205403,30.434955466701517,0.5063917357729376,0.6661192499168007,Konjungtiva,Non-anemia
31.213995354239245,34.327483490156794,0.550046685340803,0.5058035002618934,Konjungtiva,Non-anemia
29.09615992414666,22.205820878465985,0.4765920527503037,0.7597230485114399,Konjungtiva,Non-anemia
1.100546077806115,0.4553811050505452,0.012990977641056422,0.9907714648359344,Konjungtiva,Anemia
28.168279970215934,21.738020584134876,0.4717287063745826,0.7483150520074001,Konjungtiva,Non-anemia
16.852051582649466,10.520689365663616,0.2414472565110452,0.8832573998728057,Konjungtiva,Anemia
19.736704506363935,14.814536575110626,0.4230213750446859,0.8339229850867075,Konjungtiva,Anemia
19.236140499365206,18.084057101887097,0.36566622134818094,0.5407181521219011,Konjungtiva,Non-anemia
36.67591718125681,25.998396657054144,0.5145009722014487,0.8458836349650649,Konjungtiva,Anemia
31.50846314240158,23.189822962284936,0.48474854678778173,0.8010829647693739,Konjungtiva,Non-anemia
26.07623117825375,20.94958069526274,0.5356116744764795,0.7568611860586802,Konjungtiva,Non-anemia
37.18040766656526,35.029900349399966,0.5601806283815626,0.6270035851273884,Konjungtiva,Non-anemia
21.852235951750515,17.508927121442497,0.43950210269456413,0.71447426867187,Konjungtiva,Anemia
36.08283567713349,32.59383086817873,0.5379763618026675,0.6193381455837971,Konjungtiva,Non-anemia
24.76424096385543,18.389202374127798,0.35159896054807466,0.6995628632175762,Konjungtiva,Anemia
30.7832280298679,37.2925198293838,0.6108436665878298,0.4809309502089176,Konjungtiva,Non-anemia
17.745219995392773,14.684816764438535,0.33229783505201205,0.6367569142377062,Konjungtiva,Non-anemia
15.159429578593176,12.760060572310916,0.35828000163372514,0.7117292037789319,Konjungtiva,Anemia
36.21626180836708,36.06022379562752,0.5707536185864359,0.5414873911777937,Konjungtiva,Anemia
19.924106307318,13.797170825211413,0.3972116714924787,0.9206052999526593,Konjungtiva,Anemia
30.60606259431796,26.75612427631624,0.4975529113292191,0.6352856266186023,Konjungtiva,Anemia
22.12674564191468,14.470296831757246,0.3459992106252113,0.8905004976082699,Konjungtiva,Anemia
28.333653136531353,22.458602893462533,0.6065234064105347,0.7944603140149049,Konjungtiva,Non-anemia
19.37967451523545,28.946304347771324,0.5214413258378144,0.34244473412633747,Konjungtiva,Non-anemia
16.72028589784773,13.980032560280398,0.4546389901929291,0.7949024646800578,Konjungtiva,Anemia
36.9790687426557,31.70761074476729,0.575195848021935,0.7105239510610355,Konjungtiva,Non-anemia
31.37802505168429,22.78733778784914,0.4828057600274696,0.8132178275663908,Konjungtiva,Non-anemia
22.123074973065457,17.578410899640538,0.4774606109634424,0.7648671788887936,Konjungtiva,Non-anemia
19.111282667124158,13.68840863727212,0.43809978729296944,0.9277419528456433,Konjungtiva,Anemia
23.43234418515317,18.828864603607663,0.4186550371613161,0.7003568314870363,Konjungtiva,Anemia
27.969111127262153,19.397592438047127,0.4275923495352062,0.8286283915412229,Konjungtiva,Anemia
23.560310869796666,30.9231286304112,0.7418298566099494,0.4470546485388577,Konjungtiva,Anemia
21.223265583492918,16.878906065340527,0.4695934888442311,0.7692815706624899,Konjungtiva,Non-anemia
30.60606259431796,26.75612427631624,0.4975529113292191,0.6352856266186023,Konjungtiva,Anemia
19.440311126141353,15.30697416267559,0.4016492603128502,0.7345200156491409,Konjungtiva,Anemia
27.54758856167308,17.85078850259825,0.34510808164494994,0.7013529383869069,Konjungtiva,Non-anemia
28.903390377784945,29.249542598247125,0.5103848759393974,0.549347312706161,Konjungtiva,Anemia
27.798849900246438,18.943336734513537,0.43760950454586245,0.855721159488323,Konjungtiva,Anemia
33.943009006348746,26.489812840345863,0.4714492086514216,0.7264797074890786,Konjungtiva,Anemia
36.94219160104987,26.83695700936104,0.5224247336729968,0.8272111574288508,Konjungtiva,Non-anemia
27.571585098612132,29.41596942211926,0.4869190335009095,0.44837794869591374,Konjungtiva,Anemia
38.64194449990018,37.42598630370193,0.5894444901138735,0.6285411749047792,Konjungtiva,Anemia
16.032031692133557,14.367567351595634,0.3398306645804898,0.5993670450636395,Konjungtiva,Anemia
26.465609924190204,20.82802662290595,0.39056228969878787,0.6810043107525574,Konjungtiva,Anemia
34.42192456820584,24.622879655641718,0.4885000034557355,0.8221215451284497,Konjungtiva,Anemia
28.8955916473318,23.47355919228946,0.42585566322429974,0.6449600412477443,Konjungtiva,Anemia
34.4988778805627,26.571958146263874,0.49550776575340844,0.7524597008325472,Konjungtiva,Anemia
21.828713915795532,16.761584996368573,0.3750184757896637,0.7224323353586183,Konjungtiva,Non-anemia
31.660981218857813,43.3958747945471,0.652158816765495,0.442690084849578,Konjungtiva,Non-anemia
21.18131815111454,14.979290907644405,0.42504120050027155,0.8902025115749281,Konjungtiva,Non-anemia
34.42192456820584,24.622879655641718,0.4885000034557355,0.8221215451284497,Konjungtiva,Anemia
35.922637557910775,36.32401339487683,0.6590823623985356,0.6096280893521335,Konjungtiva,Anemia
17.098767181521907,13.821926661155315,0.4117485906081293,0.7630954663288015,Konjungtiva,Non-anemia
32.536170441129116,21.71100048640655,0.45380781914568985,0.8745369522715172,Konjungtiva,Non-anemia
36.67591718125681,25.998396657054144,0.5145009722014487,0.8458836349650649,Konjungtiva,Anemia
22.331559307518205,15.129443866726211,0.32511859824372646,0.795107095263627,Konjungtiva,Non-anemia
20.538226804123724,16.08636573030342,0.46113862947240747,0.7959846371538306,Konjungtiva,Anemia
34.29787709497208,27.190288759289484,0.4745378464234856,0.7119690364041333,Konjungtiva,Anemia
37.08045977011494,38.50468853549673,0.5898043508591175,0.5881365573049143,Konjungtiva,Non-anemia
31.767713004484307,21.442755222581766,0.4966353895818417,0.9012362613206717,Konjungtiva,Non-anemia
38.34533960599825,28.59522538328929,0.5463390237012182,0.8163850309309257,Konjungtiva,Non-anemia
2.8577208227040956,1.191173522325606,0.03643918504901961,0.9810793067226891,Konjungtiva,Non-anemia
27.078649921507065,23.367339552139853,0.43395512050974233,0.61893064918275,Konjungtiva,Anemia
27.024685735106573,19.995839496910193,0.37740650641746953,0.6642207766692029,Konjungtiva,Anemia
21.889371705371133,16.10898085901633,0.4431459148697233,0.8330240886780699,Konjungtiva,Non-anemia
22.852300242130752,14.315050098310422,0.2979364184878078,0.687539452037263,Konjungtiva,Non-anemia
34.4988778805627,26.571958146263874,0.49550776575340844,0.7524597008325472,Konjungtiva,Anemia
28.434588292445966,19.144999337273518,0.42794934442078997,0.8630634337776889,Konjungtiva,Anemia
28.102513720441777,23.409202212407145,0.5709813487018224,0.72907777109082,Konjungtiva,Non-anemia
35.66085731237021,25.486812616140362,0.5080589340452882,0.8352129757272235,Konjungtiva,Anemia
25.232288037166086,17.719407701388022,0.3658157029749569,0.7877824842674197,Konjungtiva,Non-anemia
24.761320090717135,21.6723273015335,0.4749916045248161,0.6372292938446983,Konjungtiva,Anemia
30.60606259431796,26.75612427631624,0.4975529113292191,0.6352856266186023,Konjungtiva,Anemia
36.800405768492624,27.52606082378786,0.5003280338290934,0.7836858272398174,Konjungtiva,Anemia
36.64780405405406,36.08643998602419,0.6691206831831832,0.6312845014131779,Konjungtiva,Anemia
15.642666666666656,15.927226382822557,0.4764117078715544,0.5959192952543336,Konjungtiva,Anemia
22.12674564191468,14.470296831757246,0.3459992106252113,0.8905004976082699,Konjungtiva,Anemia
33.45051357050542,41.25116988433915,0.7173482929665982,0.5055753176721338,Konjungtiva,Non-anemia
26.783859339365847,16.65449618996049,0.31758618550782336,0.8096632782444251,Konjungtiva,Anemia
34.3346396690616,21.866025440342085,0.43325862459070286,0.919424415386301,Konjungtiva,Non-anemia
30.8423464711274,27.51047556175901,0.5039170755378228,0.6234509324658675,Konjungtiva,Anemia
26.018062827225123,19.957312544093362,0.3744102248229134,0.6871998083701194,Konjungtiva,Anemia
23.397990123884597,17.06986484776598,0.4104417752546743,0.7995355813641406,Konjungtiva,Non-anemia
26.783859339365847,16.65449618996049,0.31758618550782336,0.8096632782444251,Konjungtiva,Anemia
37.31294642857142,28.705267358167585,0.4859264122315593,0.7197248482726424,Konjungtiva,Anemia
26.373610830470795,18.664165708878187,0.3894856952682063,0.7872535152674931,Konjungtiva,Anemia
16.714136194151905,12.59694208711104,0.33707687038968137,0.7628634864687027,Konjungtiva,Anemia
22.4393203883495,20.027054657258113,0.4476951367202531,0.6264138830496049,Konjungtiva,Non-anemia
29.277680906713158,25.141486172304116,0.4385814657161906,0.550778672410551,Konjungtiva,Anemia
30.162422964644833,26.88515363336059,0.7177761665808069,0.7093021185120172,Konjungtiva,Anemia
17.723672512729337,11.019731312923042,0.22770421997296453,0.8229582756888418,Konjungtiva,Anemia
24.76424096385543,18.389202374127798,0.35159896054807466,0.6995628632175762,Konjungtiva,Anemia
34.88426430517711,36.40535045267832,0.5905831596943955,0.5728142864775337,Konjungtiva,Non-anemia
25.164365014893036,21.5506205601371,0.5830723732764159,0.7230188185031211,Konjungtiva,Non-anemia
35.87211686314711,26.128088938000758,0.483643380468538,0.7996190993055347,Konjungtiva,Anemia
14.165376717738127,10.969127245762822,0.22642521548186484,0.6324237102833551,Konjungtiva,Anemia
33.67827366356056,24.258539787682842,0.4900464472203791,0.8193847426170076,Konjungtiva,Anemia
36.45158900049398,39.142463772880355,0.6137474452978952,0.5699370082299345,Konjungtiva,Non-anemia
36.3708078464459,35.82108295727864,0.6723922726652357,0.630753832855648,Konjungtiva,Anemia
34.3346396690616,21.866025440342085,0.43325862459070286,0.919424415386301,Konjungtiva,Non-anemia
43.50766550522647,40.31508793624787,0.6080882694541231,0.6698968367834939,Konjungtiva,Non-anemia
37.44228804902963,33.56967869675125,0.5389012397604599,0.6393759137975925,Konjungtiva,Non-anemia
19.079932990307526,15.970852629088794,0.37506024068117133,0.6518163709183566,Konjungtiva,Non-anemia
35.2256304102371,28.673061175373782,0.6499287859667766,0.7689008685898145,Konjungtiva,Non-anemia
18.848329696155787,13.12090844631113,0.3842396653138341,0.922867807522539,Konjungtiva,Anemia
36.29335599255484,25.786591633507292,0.5131380641598713,0.8432949808554967,Konjungtiva,Anemia
30.70640319619912,21.276756408894926,0.484702028959732,0.8691794177988657,Konjungtiva,Anemia
28.372282935030626,23.494532246775933,0.5748802030719817,0.7355463093127247,Konjungtiva,Non-anemia
23.846764755057677,19.225120223387513,0.4833852952650714,0.73105422071855,Konjungtiva,Anemia
37.098047192839715,30.773962758715044,0.5127443003238724,0.6953062429202763,Konjungtiva,Non-anemia
15.307044973788294,10.95038435474076,0.27170703469468355,0.7852197293890425,Konjungtiva,Non-anemia
23.781669266770677,16.352766095343398,0.3198568413324768,0.7650708145972898,Konjungtiva,Anemia
19.02394974479779,16.3885210453373,0.3456659617125217,0.6065561835256286,Konjungtiva,Anemia
34.4988778805627,26.571958146263874,0.49550776575340844,0.7524597008325472,Konjungtiva,Anemia
38.24974937343359,29.533623597472534,0.5556243550051599,0.7915671531770603,Konjungtiva,Non-anemia
34.82278756251358,26.494332329311288,0.49545105713518284,0.762770892222947,Konjungtiva,Anemia
20.90402569273283,24.50866457134868,0.46436070581791605,0.44690739691201,Konjungtiva,Non-anemia
18.95117738499627,16.332445999921894,0.4250211386299007,0.6735163729836456,Konjungtiva,Anemia
37.30440414507771,34.75538776720275,0.5548071387449626,0.61199498797792,Konjungtiva,Non-anemia
18.652790849200017,21.269729891602186,0.46968343262882506,0.46730176034795295,Konjungtiva,Anemia
28.268634934889974,18.518981852685545,0.4010393829736654,0.8763143065937646,Konjungtiva,Non-anemia
33.03335079448229,32.85572776868057,0.5788425654878679,0.5914803288174009,Konjungtiva,Non-anemia
27.798849900246438,18.943336734513537,0.43760950454586245,0.855721159488323,Konjungtiva,Anemia
36.64780405405406,36.08643998602419,0.6691206831831832,0.6312845014131779,Konjungtiva,Anemia
29.494446434969547,22.59053089202554,0.4104931116122551,0.5828327748154081,Konjungtiva,Non-anemia
19.6530195009436,12.690075481000074,0.25875013876383013,0.8059273740949514,Konjungtiva,Non-anemia
26.764820846905536,21.616859048749106,0.528586006968839,0.7376324398742486,Konjungtiva,Anemia
34.38713318284425,22.03053973902187,0.437153985747798,0.9146508505584326,Konjungtiva,Non-anemia
14.81384758364311,8.398828225575894,0.17969166848895693,0.839913258983891,Konjungtiva,Non-anemia
35.793537557700375,23.0296176917141,0.4519101807739462,0.916591104199408,Konjungtiva,Non-anemia
21.154307929792452,13.428008742353947,0.2876905882128736,0.8654375751787194,Konjungtiva,Anemia
32.606338028169006,30.968695845132,0.50967964650649,0.5376083954708645,Konjungtiva,Anemia
40.62081019946535,33.89602879697171,0.7797300947934181,0.7952421848854697,Konjungtiva,Non-anemia
16.4217055362586,13.079779171791772,0.397630435175417,0.7824425921215583,Konjungtiva,Anemia
23.846764755057677,19.225120223387513,0.4833852952650714,0.73105422071855,Konjungtiva,Anemia
32.04345850999394,39.4643547056629,0.6262393954149396,0.4810370423154119,Konjungtiva,Non-anemia
22.331559307518205,15.129443866726211,0.32511859824372646,0.795107095263627,Konjungtiva,Non-anemia
27.578197783369916,17.675524713137534,0.3778106027440692,0.8793275151255555,Konjungtiva,Non-anemia
18.55690743878023,16.09577149036503,0.34551779744702443,0.6010261427842352,Konjungtiva,Anemia
34.38713318284425,22.03053973902187,0.437153985747798,0.9146508505584326,Konjungtiva,Non-anemia
25.440932526339395,22.81976609429297,0.4311444281814945,0.5971702467133457,Konjungtiva,Anemia
22.680358514724702,17.562498471036612,0.3850174989329919,0.7115298134618765,Konjungtiva,Non-anemia
32.16544291007074,21.079019072084606,0.4331752290003236,0.8924541834248014,Konjungtiva,Non-anemia
22.62079980342773,15.56780430847673,0.324447592170353,0.7555970702059311,Konjungtiva,Anemia
29.914765906362533,29.662411029402193,0.49026198714780034,0.4943648047454276,Konjungtiva,Anemia
32.66453965360074,31.329476932232446,0.5198759540279193,0.5229985522011904,Konjungtiva,Non-anemia
21.75379381109252,14.201860369868458,0.3413228119999958,0.8934321084917198,Konjungtiva,Anemia
19.233747058552126,14.41339270107389,0.4749037159273805,0.9098022930853696,Konjungtiva,Anemia
24.712713231904104,19.507002498420213,0.4855992189406883,0.753027960838554,Konjungtiva,Anemia
22.44618127786032,17.31149766550102,0.42923543979255896,0.7572244850391866,Konjungtiva,Non-anemia
30.70640319619912,21.276756408894926,0.484702028959732,0.8691794177988657,Konjungtiva,Anemia
22.62079980342773,15.56780430847673,0.324447592170353,0.7555970702059311,Konjungtiva,Anemia
30.222423146473773,25.671095993964176,0.45235613232634825,0.5587121937382548,Konjungtiva,Anemia
21.030220955096212,13.65830306229956,0.29521305885148075,0.8058499294229452,Konjungtiva,Non-anemia
28.903390377784945,29.249542598247125,0.5103848759393974,0.549347312706161,Konjungtiva,Anemia
34.10502577319588,27.261075602739602,0.4741307863351526,0.6701982683107608,Konjungtiva,Non-anemia
30.8423464711274,27.51047556175901,0.5039170755378228,0.6234509324658675,Konjungtiva,Anemia
38.6151546215616,27.98093950249685,0.5526390019530792,0.839998592978965,Konjungtiva,Non-anemia
24.7187690897984,21.258626048364437,0.5797962557044809,0.7215207158000647,Konjungtiva,Non-anemia
25.400636708705775,22.751137524272934,0.4306470084054192,0.5982257626939597,Konjungtiva,Anemia
26.783859339365847,16.65449618996049,0.31758618550782336,0.8096632782444251,Konjungtiva,Anemia
19.941599213253653,17.15097114663009,0.49658260762509104,0.7174346491755035,Konjungtiva,Non-anemia
27.29256267701669,18.632017465854833,0.43244210513325226,0.8592215276963612,Konjungtiva,Anemia
37.93294856560857,35.83467091069754,0.572981716876192,0.6330447575397499,Konjungtiva,Anemia
22.133780094316194,15.7988402023721,0.3704833583967218,0.8045583733617547,Konjungtiva,Non-anemia
22.665154559004606,15.677666182260275,0.3571738072456641,0.8143126708268688,Konjungtiva,Non-anemia
26.62680577849116,26.21775836687292,0.47393620369496114,0.5509528530513329,Konjungtiva,Non-anemia
28.20681055155876,18.344461939274836,0.36671274744909954,0.6956403818121973,Konjungtiva,Non-anemia
39.9797684014375,52.21434966029952,0.7994581940323048,0.5377938370876102,Konjungtiva,Anemia
13.058832942180487,9.014602024730367,0.24139045419746732,0.8450476286097968,Konjungtiva,Non-anemia
36.67591718125681,25.998396657054144,0.5145009722014487,0.8458836349650649,Konjungtiva,Anemia
16.431980298913032,13.544759976595655,0.3259750639386189,0.6674182784526854,Konjungtiva,Anemia
39.7760455955075,31.232982564318966,0.5771443972778114,0.7897298354426843,Konjungtiva,Non-anemia
29.11058995969219,21.92936991093246,0.41589521407683633,0.7207823019277333,Konjungtiva,Anemia
30.351107288755117,20.104788269601357,0.47470879127828297,0.9169063368198279,Konjungtiva,Non-anemia
18.023003324964378,27.02269389757501,0.5266307160714594,0.34219325241123116,Konjungtiva,Non-anemia
22.62079980342773,15.56780430847673,0.324447592170353,0.7555970702059311,Konjungtiva,Anemia
24.314701161363416,16.887860548080226,0.34251278832749227,0.7814363286623307,Konjungtiva,Non-anemia
2.704878826530603,1.1939588903369547,0.03790117609543817,0.9806375675270107,Konjungtiva,Anemia
23.181518778896702,18.811806975252754,0.4163360194923495,0.6911657284359054,Konjungtiva,Anemia
14.634426229508193,9.998167983215422,0.2819929283188685,0.8785361084324441,Konjungtiva,Non-anemia
0.9604591836734642,0.39213078306428173,0.011648721988795518,0.9906552464735894,Konjungtiva,Anemia
17.53948967193196,13.207242569017197,0.44215204105133343,0.9103437243670252,Konjungtiva,Non-anemia
33.67356580427446,29.991078761875258,0.5663336200621981,0.6645962637023313,Konjungtiva,Non-anemia
37.93294856560857,35.83467091069754,0.572981716876192,0.6330447575397499,Konjungtiva,Anemia
34.4988778805627,26.571958146263874,0.49550776575340844,0.7524597008325472,Konjungtiva,Anemia
36.29335599255484,25.786591633507292,0.5131380641598713,0.8432949808554967,Konjungtiva,Anemia
30.60606259431796,26.75612427631624,0.4975529113292191,0.6352856266186023,Konjungtiva,Anemia
18.916481187069422,14.302185529580802,0.4766281160052786,0.904005528019369,Konjungtiva,Anemia
26.764820846905536,21.616859048749106,0.528586006968839,0.7376324398742486,Konjungtiva,Anemia
34.26561942163514,24.63452938182691,0.48857445870172417,0.8177356126313431,Konjungtiva,Anemia
20.721342341344553,17.68642950105912,0.4619185674048111,0.6952964195978536,Konjungtiva,Anemia
34.82521602513748,27.485194755177478,0.47384594057575896,0.6120958674121652,Konjungtiva,Anemia
34.93375105604056,33.24913128096281,0.5926524425596766,0.6349650195194946,Konjungtiva,Non-anemia
32.691308243727605,28.690559709152595,0.4856314568838288,0.5712593998172746,Konjungtiva,Anemia
20.909223655390605,16.21993182497299,0.39035927829394107,0.7259110799345292,Konjungtiva,Anemia
24.971708946654132,18.183569673356324,0.3627612690341822,0.7314832896307077,Konjungtiva,Non-anemia
27.48994999509756,15.862001818614768,0.31935195492060925,0.7525926224985533,Konjungtiva,Non-anemia
19.233747058552126,14.41339270107389,0.4749037159273805,0.9098022930853696,Konjungtiva,Anemia
28.159317357314393,20.937683360025083,0.4386273808486145,0.744241229269798,Konjungtiva,Non-anemia
33.943009006348746,26.489812840345863,0.4714492086514216,0.7264797074890786,Konjungtiva,Anemia
18.335859254941454,14.871886620473163,0.37030654983629824,0.6964777368739876,Konjungtiva,Non-anemia
19.375157918915818,16.634010845304694,0.4168041490169055,0.6618544466138356,Konjungtiva,Anemia
26.73125478194339,19.859857274943327,0.4264398337758975,0.7576383575618465,Konjungtiva,Non-anemia
13.038048695348635,7.417996288246398,0.1590786589528909,0.8588262672203885,Konjungtiva,Anemia
25.334417208604293,22.815603926861595,0.43110771071810416,0.5946399670423448,Konjungtiva,Anemia
23.846764755057677,19.225120223387513,0.4833852952650714,0.73105422071855,Konjungtiva,Anemia
25.463406593406603,22.81728036186095,0.4312118078000431,0.5979370825253177,Konjungtiva,Anemia
19.924106307318,13.797170825211413,0.3972116714924787,0.9206052999526593,Konjungtiva,Anemia
22.12674564191468,14.470296831757246,0.3459992106252113,0.8905004976082699,Konjungtiva,Anemia
23.846764755057677,19.225120223387513,0.4833852952650714,0.73105422071855,Konjungtiva,Anemia
29.392714349178135,29.119762016463024,0.6367669271173596,0.6011776900898076,Konjungtiva,Anemia
34.861166180758005,25.076934596948554,0.5096390556222489,0.8308470816898188,Konjungtiva,Non-anemia
22.398362727984107,15.229133671775497,0.31381778739305266,0.7587089250917365,Konjungtiva,Anemia
22.507482712354204,26.267900553461487,0.5577167558116238,0.4740500142672406,Konjungtiva,Anemia
21.624498797113063,13.823740585692557,0.27530858373822664,0.7663832413478623,Konjungtiva,Non-anemia
33.36370878784166,40.576217509433945,0.7109355962019567,0.5107176244685887,Konjungtiva,Non-anemia
31.73513299452182,32.043263050097146,0.5727203666101117,0.5737707082040789,Konjungtiva,Non-anemia
34.38713318284425,22.03053973902187,0.437153985747798,0.9146508505584326,Konjungtiva,Non-anemia
37.566526783510255,30.785833098621595,0.5139036113087546,0.6863751869545646,Konjungtiva,Non-anemia
34.4988778805627,26.571958146263874,0.49550776575340844,0.7524597008325472,Konjungtiva,Anemia
34.82278756251358,26.494332329311288,0.49545105713518284,0.762770892222947,Konjungtiva,Anemia
15.421864050455497,10.970796773790648,0.27411529588865835,0.7937061922799176,Konjungtiva,Anemia
30.954982685648332,24.235830050887696,0.4316577265765868,0.677370632747135,Konjungtiva,Non-anemia
21.009026705953886,15.809672679229525,0.4050192997080971,0.7874605545880482,Konjungtiva,Non-anemia
21.40750641573996,16.36948282221491,0.3673717690669082,0.7252568392626512,Konjungtiva,Non-anemia
27.97957355312667,20.920651855987458,0.4431927653699,0.7599119561818636,Konjungtiva,Non-anemia
26.1247439233708,18.814208815295252,0.4666108644886447,0.8335846602635296,Konjungtiva,Non-anemia
30.83787159630276,22.433933186147147,0.4051647538855662,0.6295758573226943,Konjungtiva,Anemia
26.764820846905536,21.616859048749106,0.528586006968839,0.7376324398742486,Konjungtiva,Anemia
28.862292932904296,17.97108857898957,0.37900131092837563,0.9208496030994927,Konjungtiva,Non-anemia
24.174478527607363,17.78406070660381,0.35693427964232727,0.727269898552468,Konjungtiva,Anemia
33.67827366356056,24.258539787682842,0.4900464472203791,0.8193847426170076,Konjungtiva,Anemia
23.961915041245845,19.4570501563045,0.4420790874363777,0.7036408519155098,Konjungtiva,Non-anemia
32.306233239584,25.767459790515424,0.4516329181944215,0.6904435971523805,Konjungtiva,Anemia
29.33379342074994,18.947751173557936,0.4080172487674619,0.9017307406054209,Konjungtiva,Non-anemia
13.365578795528307,11.80021202668704,0.35994003804190267,0.696449658117845,Konjungtiva,Anemia
33.11912776232987,25.432519430050917,0.4559192270498131,0.6728262210782162,Konjungtiva,Anemia
27.098195329087048,22.766718109846185,0.4123954040214812,0.5379605345322843,Konjungtiva,Anemia
22.49883554281618,19.024224292800483,0.3931748406994471,0.6329683647016672,Konjungtiva,Anemia
26.774906470832747,22.53716441486806,0.4842430861772449,0.6774196002358266,Konjungtiva,Anemia
49.71487019266533,45.20606398338782,0.6753289488078204,0.7644704657136231,Konjungtiva,Anemia
26.83394718282267,21.36491391659261,0.5902395626380009,0.7908606338860285,Konjungtiva,Non-anemia
34.42192456820584,24.622879655641718,0.4885000034557355,0.8221215451284497,Konjungtiva,Anemia
12.309693629437504,9.916038833792973,0.3486464580969363,0.8775611136008951,Konjungtiva,Anemia
30.702185792349724,22.671566768995,0.4079104865990112,0.7018123096233029,Konjungtiva,Non-anemia
18.510293104767726,25.831175887367806,0.5003284730131434,0.3676238751412404,Konjungtiva,Anemia
1.066924426020421,0.44523836974601494,0.013466324029611844,0.991305350265106,Konjungtiva,Anemia
28.98990666377253,18.828078887703725,0.40117979034461626,0.8797771507126836,Konjungtiva,Non-anemia
21.22016396027115,13.655942291052892,0.29584442321781307,0.8596495132815858,Konjungtiva,Anemia
21.22016396027115,13.655942291052892,0.29584442321781307,0.8596495132815858,Konjungtiva,Anemia
25.544844789356972,18.855094985251107,0.43460936481022566,0.779331768183992,Konjungtiva,Non-anemia
16.310993406118257,13.627095826046132,0.4537574104336362,0.8077284702660655,Konjungtiva,Anemia
30.8423464711274,27.51047556175901,0.5039170755378228,0.6234509324658675,Konjungtiva,Anemia
34.26561942163514,24.63452938182691,0.48857445870172417,0.8177356126313431,Konjungtiva,Anemia
24.277826855123664,16.678978555727262,0.32412526848195106,0.636780295156932,Konjungtiva,Anemia
28.98990666377253,18.828078887703725,0.40117979034461626,0.8797771507126836,Konjungtiva,Non-anemia
20.953205356688215,15.142885762975444,0.46348352467928466,0.8974926841249256,Konjungtiva,Anemia
26.783859339365847,16.65449618996049,0.31758618550782336,0.8096632782444251,Konjungtiva,Anemia
32.90888436226888,27.59347934653644,0.6766533940432957,0.7493578753971033,Konjungtiva,Anemia
35.73487284419761,33.432864819747145,0.5455084226031833,0.6152718789942168,Konjungtiva,Non-anemia
34.4988778805627,26.571958146263874,0.49550776575340844,0.7524597008325472,Konjungtiva,Anemia
27.798849900246438,18.943336734513537,0.43760950454586245,0.855721159488323,Konjungtiva,Anemia
34.49424359802023,25.14700799994265,0.5082328046346578,0.8151257188909564,Konjungtiva,Non-anemia
19.74337623012869,12.62177128116626,0.25647311157619745,0.8150576657612326,Konjungtiva,Non-anemia
1.237105389030603,0.5057083556494035,0.01598530037014806,0.9885365865096039,Konjungtiva,Non-anemia
23.56176050591594,16.101383324859242,0.3821221430228558,0.8535101719186247,Konjungtiva,Non-anemia
26.018062827225123,19.957312544093362,0.3744102248229134,0.6871998083701194,Konjungtiva,Anemia
37.63134321011961,38.333916252193646,0.6462381064056277,0.6129440524548649,Konjungtiva,Non-anemia
23.516371077762614,36.28392073454996,0.6038594701181974,0.35405933178182597,Konjungtiva,Non-anemia
1.2421077806122582,0.4845154456755818,0.015406944027611046,0.9886098189275709,Konjungtiva,Anemia
0.5166812818877418,0.19203098417386322,0.0077408307072829126,0.9916516606642657,Konjungtiva,Anemia
1.482063137755091,0.5800227635528454,0.01855453118747499,0.9873940982643057,Konjungtiva,Anemia
29.658346885384987,18.536103957494454,0.3657650913013158,0.7580808353886701,Konjungtiva,Non-anemia
29.031413612565444,30.433050084798886,0.5056667693255312,0.45966533210142696,Konjungtiva,Anemia
25.250818598559277,17.82986959243398,0.34323869691950126,0.6023460071651451,Konjungtiva,Anemia
15.677415218924295,7.435643031000438,0.24000432405797759,0.6779466758175802,Konjungtiva,Anemia
39.14736842105262,33.07784658324928,0.5401006973762391,0.7016868374143916,Konjungtiva,Non-anemia
34.15133665609426,30.62515485661137,0.5110566202013203,0.6212887692458043,Konjungtiva,Non-anemia
34.07527236711786,31.90330514493651,0.5208306630674719,0.5477534163219596,Konjungtiva,Anemia
35.66279069767441,30.383207350499998,0.5033991270926976,0.5947299850172627,Konjungtiva,Anemia
24.825876864117305,15.406265398471364,0.31022832527162325,0.6986772914614484,Konjungtiva,Non-anemia
38.29595704358812,32.245985821534106,0.5277668363618347,0.6738235913443078,Konjungtiva,Non-anemia
1.3924984056122582,0.5437074315894019,0.016290735044017606,0.9842388517907162,Konjungtiva,Anemia
27.04153686396677,20.208679095741132,0.3826346045514087,0.5721703011422637,Konjungtiva,Anemia
29.6112676056338,34.43885879426296,0.5490499861916597,0.4451422259044463,Konjungtiva,Anemia
35.91118927236755,32.217857429516506,0.5332574709373747,0.576207656067483,Konjungtiva,Anemia
27.48005319148936,24.924272994456743,0.4475620567375887,0.5071573842302879,Konjungtiva,Anemia
1.0001793686224403,0.41607951661553066,0.013367221888755502,0.9913236388305322,Konjungtiva,Non-anemia
19.729910714285722,11.52858390673095,0.2877835603938545,0.6731424008997539,Konjungtiva,Non-anemia
37.60380412788345,32.92011637435135,0.5343918870664414,0.6474698661334223,Konjungtiva,Non-anemia
25.795677547617515,16.621938505456455,0.3326037450188181,0.7124768152627562,Konjungtiva,Non-anemia
1.1256975446428612,0.4163434279098599,0.013618181647659064,0.9870195734543817,Konjungtiva,Anemia
34.147331786542935,33.754224854920636,0.5490105090760202,0.5208028145519615,Konjungtiva,Non-anemia
35.08211297071131,33.02514900921656,0.5345660021330708,0.5654155386003774,Konjungtiva,Non-anemia
28.455808818754463,18.4199639532006,0.3660810671433974,0.7021887084595511,Konjungtiva,Non-anemia
43.63886424134873,38.36900226179294,0.643020106593362,0.7381654110919731,Konjungtiva,Non-anemia
1.4708426339285836,0.6301870156979472,0.0187640681272509,0.9853296005902361,Konjungtiva,Non-anemia
32.70323426573427,35.04022799707425,0.559173179761415,0.48055841217605927,Konjungtiva,Non-anemia
37.14055127886763,32.79963970627555,0.5389707708263339,0.6313238580756365,Konjungtiva,Non-anemia
1.2922911352040956,0.5279326351560698,0.016642516381552622,0.9880556910264106,Konjungtiva,Anemia
41.47373841400619,37.3617420710896,0.5876214131378608,0.6890904868641586,Konjungtiva,Non-anemia
37.163995067817496,31.69580566399841,0.5192895078294367,0.6209279272744856,Konjungtiva,Non-anemia
39.39474265518004,34.67347416527913,0.5562780181655167,0.663369673029362,Konjungtiva,Non-anemia
26.056160056160053,23.077776152155206,0.42260717554835203,0.5129532894238776,Konjungtiva,Anemia
31.005693581780548,31.356627284595117,0.5134250801769984,0.5045528356270045,Konjungtiva,Anemia
36.62735381565906,35.772552457197634,0.56111726487754,0.5542263420069051,Konjungtiva,Anemia
25.675299870119943,16.550085839172233,0.3322113015119716,0.7273534580002068,Konjungtiva,Non-anemia
36.38123167155425,40.703340200518355,0.6072317098882564,0.5144135855710809,Konjungtiva,Non-anemia
2.1908482142857224,0.9193853754739134,0.028746733068227292,0.9858366784213686,Konjungtiva,Non-anemia
38.41191983122363,33.553870211273185,0.5399561512368661,0.655821336973608,Konjungtiva,Non-anemia
1.350386639030603,0.5621024088871884,0.019972598414365748,0.9882227891156462,Konjungtiva,Non-anemia
30.92814854682453,24.17545362705711,0.4315593406361468,0.5849733004073534,Konjungtiva,Non-anemia
2.244638871173464,0.9090565687982721,0.028128438875550218,0.981452737344938,Konjungtiva,Non-anemia
0.8130580357142776,0.32260553806975345,0.010669502175870349,0.98878981280012,Konjungtiva,Anemia
36.07434251397805,24.929209010863353,0.4399100207488255,0.7393923152197305,Konjungtiva,Anemia
36.68918111177524,34.43580441054168,0.545381667311276,0.5697502431935118,Konjungtiva,Anemia
40.29024034959943,44.8338802570188,0.6556888450937549,0.5863316338917213,Konjungtiva,Non-anemia
3.306999362244909,5.7961038615991445,0.31834921468587435,0.7199078068727491,Telapak Tangan,Anemia
2.0293765943877418,3.8622501988280433,0.21422592474489793,0.791461193852541,Telapak Tangan,Anemia
14.064054528061234,15.579112860573009,0.43453615821328534,0.49621981605142057,Telapak Tangan,Anemia
10.61212531887756,9.286910693743122,0.36057079081632654,0.8645136961034414,Telapak Tangan,Anemia
11.637336575255091,15.907361848979406,0.49616799844937975,0.4249380220838335,Telapak Tangan,Anemia
12.406768176020421,10.910607112011839,0.39640066964285714,0.809797200130052,Telapak Tangan,Anemia
12.771823182397952,11.006737134866196,0.3956862432472989,0.8213261867246898,Telapak Tangan,Anemia
16.813775510204096,18.141942999079784,0.6289587710084034,0.5671871092186874,Telapak Tangan,Anemia
4.475705516581627,3.361892284511825,0.11604180734793917,0.8972730498449379,Telapak Tangan,Anemia
4.652283960459187,3.551491437029375,0.12509027048319327,0.89117256277511,Telapak Tangan,Anemia
3.8732860331632537,3.1240073232178034,0.08417054321728691,0.6212137198629452,Telapak Tangan,Anemia
3.8797433035714164,3.0317891936326724,0.07976784463785515,0.6204512273659464,Telapak Tangan,Anemia
3.5868941326530717,3.5552930153845086,0.11716358418367347,0.6137217386954782,Telapak Tangan,Anemia
3.8700972576530717,3.8205119000570775,0.122898143632453,0.6070221057172869,Telapak Tangan,Anemia
4.033422353316325,1.6457032215621226,0.07850046268507403,0.5893917723339336,Telapak Tangan,Anemia
4.090660873724488,1.6176492781019292,0.07960262229891957,0.5947145264355742,Telapak Tangan,Anemia
1.9477439413265358,2.6345646124340316,0.1154109299969988,0.5731085402911165,Telapak Tangan,Anemia
1.72265625,2.44131730428494,0.10884002038315325,0.5754344706632653,Telapak Tangan,Anemia
4.383569834183675,3.584639867948347,0.10551626900760304,0.6172468987595038,Telapak Tangan,Anemia
4.843351403061234,4.077585052223398,0.12007130977390956,0.603835831207483,Telapak Tangan,Anemia
6.811324139030603,7.123909328074829,0.3396544555322129,0.9383794924219688,Telapak Tangan,Anemia
7.021643813775512,7.209627089483783,0.3342989539565826,0.9298334958983593,Telapak Tangan,Anemia
17.18225845025509,13.981610582252735,0.41233696603641457,0.7625913646708683,Telapak Tangan,Anemia
16.916513871173464,13.744981613176277,0.4080362613795518,0.7679446778711485,Telapak Tangan,Anemia
16.171217315051024,13.788194143746235,0.4799684717637055,0.7960874974989997,Telapak Tangan,Anemia
16.22415098852042,13.566190802937506,0.4702311393307323,0.8128922662815127,Telapak Tangan,Anemia
16.792231345663254,13.818946963111767,0.49007978191276513,0.8474720356892756,Telapak Tangan,Anemia
16.70978156887756,13.732829615854536,0.4871525172569028,0.8498460321628651,Telapak Tangan,Anemia
6.803830516581627,4.993803700644062,0.1693685286614646,0.9297200911614646,Telapak Tangan,Anemia
3.659378985969397,3.1465042242719843,0.13920216524109644,0.9470319377751101,Telapak Tangan,Anemia
7.8857421875,6.404499548310394,0.237625206332533,0.7552583533413365,Telapak Tangan,Anemia
10.67143654336735,8.987917597992912,0.30828503276310526,0.7135643319827931,Telapak Tangan,Anemia
16.33912627551021,13.94920903632988,0.4745229341736694,0.7954252794867948,Telapak Tangan,Anemia
16.309988839285722,14.093540784485281,0.4797641712935174,0.783251738195278,Telapak Tangan,Anemia
16.816884566326536,13.691852541079852,0.40845244347739096,0.7682034532563025,Telapak Tangan,Anemia
16.450972576530603,20.479759352370763,0.6404916654161664,0.4817476990796319,Telapak Tangan,Anemia
16.79358657525509,20.20421265152914,0.6250163346588635,0.499000225090036,Telapak Tangan,Anemia
18.627252072704096,15.31576139861337,0.5206338785514206,0.8133046968787515,Telapak Tangan,Anemia
19.31453284438774,16.015028620993597,0.5345523365596239,0.7983770070528212,Telapak Tangan,Anemia
12.42010124362244,11.109964112366244,0.41878313825530217,0.7913391919267707,Telapak Tangan,Anemia
12.509745695153072,11.12812543162418,0.4179544474039616,0.7871132828131252,Telapak Tangan,Anemia
12.425362723214278,11.118851987674594,0.4188566051420568,0.7904554009103641,Telapak Tangan,Anemia
18.379225127551024,19.610345220882095,0.6164515024759905,0.5669205182072828,Telapak Tangan,Anemia
11.683633609693885,10.068167393326677,0.31286764705882353,0.669874824929972,Telapak Tangan,Anemia
15.62775031887756,13.45308695992653,0.406687987695078,0.6747314550820328,Telapak Tangan,Anemia
15.94310028698979,13.968963083123187,0.419968925070028,0.6708192652060825,Telapak Tangan,Anemia
14.31126434948979,11.796099157121187,0.36376769457783115,0.7045214960984394,Telapak Tangan,Anemia
18.248893143472543,22.91133364673419,0.5639983231935031,0.4288784557738376,Telapak Tangan,Anemia
18.996930742401588,25.574038543626077,0.6010359819064647,0.40639541995173756,Telapak Tangan,Anemia
14.691864636479579,13.641170895553634,0.42093743747499,0.6116992109343737,Telapak Tangan,Anemia
14.965441645408163,14.01038165995483,0.4312525010004002,0.6053970807072829,Telapak Tangan,Anemia
15.197265625,12.715423190012398,0.40366076117947175,0.7417386485844337,Telapak Tangan,Anemia
15.074956154336746,12.680907330277558,0.4021955657262905,0.7360503576430572,Telapak Tangan,Anemia
21.811922034438766,15.734098400434338,0.3519871229741897,0.7601538271558624,Telapak Tangan,Anemia
21.74362244897958,15.686977457189588,0.3504049275960384,0.7587087178621448,Telapak Tangan,Anemia
11.774653220663254,8.419908829342182,0.26260871536114444,0.9084373593187275,Telapak Tangan,Anemia
11.275191326530603,8.340456403042174,0.2640498386854742,0.8822628270058023,Telapak Tangan,Anemia
3.1556122448979522,3.2091804014885206,0.1337438100240096,0.79312568777511,Telapak Tangan,Anemia
17.362882653061234,15.321175186774871,0.4313952924919968,0.6692995948379351,Telapak Tangan,Anemia
17.07326211734693,14.933424444334209,0.4230299932472989,0.6792634241196479,Telapak Tangan,Anemia
13.170300542091837,15.23361073184697,0.4892489026860744,0.5292958589685874,Telapak Tangan,Anemia
13.128946109693885,10.862319732308645,0.41834890206082437,0.914249449779912,Telapak Tangan,Anemia
11.685925542091837,10.068939892965778,0.3128867171868747,0.6698837347438976,Telapak Tangan,Anemia
16.198202327806115,15.091093806593925,0.4357228829031613,0.6397993572428972,Telapak Tangan,Anemia
14.512834821428584,14.363546146379447,0.5077476303021209,0.67546987545018,Telapak Tangan,Anemia
9.559430803571416,9.187267295283474,0.3301268163515406,0.7173172393957583,Telapak Tangan,Anemia
8.257413903061234,7.840140950006136,0.2683756315026011,0.6639877044567827,Telapak Tangan,Anemia
19.492865114795904,13.101898119100541,0.29594204869447777,0.8089979741896759,Telapak Tangan,Anemia
0.4089006696428612,0.7009804084269877,0.03750093787515006,0.7233409770158062,Telapak Tangan,Anemia
5.5811543367346985,6.052686338769364,0.24696003401360545,0.7160485287865146,Telapak Tangan,Anemia
3.1345264668367463,2.8414866208776424,0.10543670593237295,0.7478949392256903,Telapak Tangan,Anemia
13.619459502551024,14.314773305622408,0.46802697641556623,0.5818757971938775,Telapak Tangan,Anemia
10.730966996173464,10.18692539421484,0.30956187162364945,0.6213612788865546,Telapak Tangan,Anemia
11.561124840561234,14.989165376441704,0.45422262655062023,0.4286357511754702,Telapak Tangan,Anemia
12.445153061224488,12.942662152014961,0.43749562324929975,0.598866968662465,Telapak Tangan,Anemia
7.113679846938766,8.161155417160026,0.33746021846238494,0.6821424663615446,Telapak Tangan,Anemia
6.8360371492346985,7.934334141289545,0.3301826980792317,0.6827885841836735,Telapak Tangan,Anemia
15.310208067602048,10.644731710095545,0.31712419342737097,0.904593556172469,Telapak Tangan,Anemia
19.23126594387756,22.845754087717385,0.6360033075730291,0.49027798619447777,Telapak Tangan,Anemia
13.777742346938766,10.656425098927969,0.35275688400360145,0.8388853197529011,Telapak Tangan,Anemia
13.82075095663265,10.691717073196116,0.35388850852841136,0.8397819283963585,Telapak Tangan,Anemia
5.6428372130102105,5.334316093111324,0.19496955032012805,0.7514387786364545,Telapak Tangan,Anemia
5.803790656887742,5.478059817073566,0.20070973701980793,0.7526011967286915,Telapak Tangan,Anemia
11.305683992346928,13.249237714622009,0.4859121773709484,0.5592079019107643,Telapak Tangan,Anemia
13.048808195153072,13.629490274514433,0.41382404524309724,0.5636880533463385,Telapak Tangan,Anemia
12.869300063775512,13.307940300416066,0.4073747467737095,0.5742933892306923,Telapak Tangan,Anemia
10.243104272959187,11.565069242943027,0.44102734843937574,0.6014103297569028,Telapak Tangan,Anemia
15.703603316326536,12.836665679629267,0.44978819652861146,0.8532911602140857,Telapak Tangan,Anemia
15.402403539540813,12.618542993458925,0.44302048944577826,0.8531113226540616,Telapak Tangan,Anemia
27.15278220663265,18.971571984776325,0.4702666222739096,0.8666320434423769,Telapak Tangan,Anemia
3.1773955676020478,4.603345077772758,0.24165689713385352,0.7743781106192477,Telapak Tangan,Anemia
3.0326052295918373,4.661645404931036,0.2505952380952381,0.7734428146258503,Telapak Tangan,Anemia
2.415357940051024,2.0983508553551022,0.08044420893357343,0.8542576405562226,Telapak Tangan,Anemia
4.506257971938766,3.3386322653418343,0.09308035714285715,0.7472838354091638,Telapak Tangan,Anemia
14.907067123724488,11.494700153863091,0.34120374712384954,0.8065631721438575,Telapak Tangan,Anemia
15.263213488520421,11.392228806772797,0.3449582958183273,0.849936537114846,Telapak Tangan,Anemia
14.785893654336746,11.232665326308444,0.33768726240496194,0.8267066983043218,Telapak Tangan,Anemia
13.370196906887742,10.885010137821816,0.3096381521358544,0.7286918673719487,Telapak Tangan,Anemia
13.485311702806115,10.66529711611639,0.33594132965686274,0.7980600052521009,Telapak Tangan,Anemia
18.365353954081627,13.785402517478396,0.4325344200180072,0.8739777942426971,Telapak Tangan,Anemia
19.804727359693885,16.72632823824154,0.5418498649459784,0.7776478560174069,Telapak Tangan,Anemia
17.198282047193885,12.378317586505494,0.32653983468387354,0.8110177664815926,Telapak Tangan,Anemia
18.747110172193885,17.108732569499587,0.4428500306372549,0.6291894101390556,Telapak Tangan,Anemia
13.959761639030603,11.028737513531173,0.30166402498499395,0.7292174682372949,Telapak Tangan,Anemia
5.167231345663254,3.2804249992759438,0.08664887830132054,0.7792611575880352,Telapak Tangan,Anemia
5.14453125,3.254836030107233,0.08591663227791116,0.7783972182623049,Telapak Tangan,Anemia
16.50338807397958,12.242415881658886,0.4153295693277311,0.9207379826930773,Telapak Tangan,Anemia
17.045519770408163,12.86840502862061,0.4331881971538616,0.909907400460184,Telapak Tangan,Anemia
15.449019451530603,16.242088947988442,0.6666580694777912,0.6875234468787514,Telapak Tangan,Anemia
14.846659757653072,15.69240365604796,0.652702487244898,0.6940901360544218,Telapak Tangan,Anemia
24.845643335459187,27.066291208306303,0.7835390406162465,0.5669166885504201,Telapak Tangan,Anemia
24.835259885204096,27.41358117183532,0.7870667798369348,0.5580007784363745,Telapak Tangan,Anemia
17.06295838647958,24.15822762290658,0.7598757471738696,0.42187828256302523,Telapak Tangan,Anemia
17.19361846301021,24.334774555798354,0.7592266594137655,0.4209579925720288,Telapak Tangan,Anemia
19.371751434948976,19.461375679543735,0.7054733612194878,0.6633626106692677,Telapak Tangan,Anemia
20.057736766581627,19.716434602434816,0.6992141387805122,0.6752627613545418,Telapak Tangan,Anemia
23.0489277742347,23.479442459790214,0.7295325161314526,0.6176311931022408,Telapak Tangan,Anemia
21.65900031887756,21.047443582318472,0.6975868472388956,0.6668972276410564,Telapak Tangan,Anemia
18.589106345663254,25.330370369754007,0.740250631502601,0.4317358974839936,Telapak Tangan,Anemia
17.9814453125,23.412640832361433,0.7125524428521408,0.45583170768307324,Telapak Tangan,Anemia
13.511140784438766,22.176235809085988,0.7023028742747099,0.35253007452981194,Telapak Tangan,Anemia
13.668865593112258,23.018926590382783,0.6953175020008003,0.33419586584633854,Telapak Tangan,Anemia
15.148750099832284,18.94304535160416,0.6596717514575513,0.4992036124409032,Telapak Tangan,Anemia
15.07623857623858,18.542033346925415,0.6571978735377428,0.5165901938777756,Telapak Tangan,Anemia
18.148736447704096,18.591986894833834,0.5436190882603041,0.5863793173519408,Telapak Tangan,Anemia
17.664660395408163,17.642035186676665,0.5243700605242096,0.6056640625,Telapak Tangan,Anemia
9.980309311224488,15.90259841240762,0.7238389105642258,0.45139133778511403,Telapak Tangan,Anemia
21.17994658801021,23.74192718420767,0.7315429296718687,0.5522795837084834,Telapak Tangan,Anemia
21.195113201530603,23.81803343370079,0.7308270183073229,0.5498244610344137,Telapak Tangan,Anemia
20.29641661352042,19.30188222498881,0.6701756483843537,0.6996987076080432,Telapak Tangan,Anemia
19.881895727040813,19.954165623893118,0.69523637580032,0.6555919242697079,Telapak Tangan,Anemia
20.624362244897952,20.798732036949374,0.7031919017607042,0.6424361150710285,Telapak Tangan,Anemia
22.046755420918373,24.73298634770171,0.7758150135054022,0.5530578637705081,Telapak Tangan,Anemia
12.04998405612244,11.202790256512296,0.4279006133703482,0.786328593937575,Telapak Tangan,Anemia
19.371751434948976,19.461375679543735,0.7054733612194878,0.6633626106692677,Telapak Tangan,Anemia
13.806560905612258,14.176909120085268,0.5699803358843538,0.7116427821128452,Telapak Tangan,Anemia
6.881816007653072,7.982638946769471,0.3323799832432973,0.6841234149909965,Telapak Tangan,Anemia
21.202487244897952,23.795278477039126,0.7326850271358544,0.5514186924769908,Telapak Tangan,Anemia
19.304488201530603,16.75222352493688,0.5473534726390556,0.7399413671718688,Telapak Tangan,Anemia
18.20746970663265,14.7798165097484,0.4917856986544618,0.8198465323629452,Telapak Tangan,Anemia
16.749601403061234,15.214405470233006,0.4410101540616247,0.6653687256152461,Telapak Tangan,Anemia
17.974290497448976,16.005854027964528,0.44566107693077234,0.6707367321928771,Telapak Tangan,Anemia
0.9766222895408134,0.8734002056371093,0.031695021758703486,0.6174624537314926,Telapak Tangan,Anemia
29.803591358418373,28.18073324179844,0.6543725302621048,0.6387816063925571,Telapak Tangan,Anemia
30.232900191326536,28.537752273273263,0.656890099789916,0.6408192964685874,Telapak Tangan,Anemia
12.074557557397952,7.509805023102345,0.18461017219387754,0.886391587885154,Telapak Tangan,Anemia
12.16974250637756,7.395899990551813,0.1767232674319728,0.8975384685124049,Telapak Tangan,Anemia
11.894630899234699,7.133307935249267,0.16958463072729094,0.9076861213235294,Telapak Tangan,Anemia
22.51323341836735,14.50750522712978,0.331742462610044,0.8813163546668668,Telapak Tangan,Anemia
22.253507653061234,14.559400587877036,0.3413011298269308,0.8777717336934774,Telapak Tangan,Anemia
12.585160235969397,10.426693991083269,0.345718912565026,0.7822625143807523,Telapak Tangan,Anemia
12.633769132653072,10.891996603334242,0.3624025391406563,0.7530675551470588,Telapak Tangan,Anemia
14.50239158163265,14.806253545543768,0.48944913903061227,0.623647036939776,Telapak Tangan,Anemia
14.19744499362244,14.830352526324564,0.491351462459984,0.6041761235744297,Telapak Tangan,Anemia
12.936941964285722,10.86084537212475,0.22816306209983994,0.5454125400160064,Telapak Tangan,Anemia
22.486029177295904,18.616219942218805,0.403921099689876,0.6440990458683474,Telapak Tangan,Anemia
21.266003667091837,17.551719217572792,0.3867764293217287,0.6430318221038415,Telapak Tangan,Anemia
18.968610491071416,14.418111570483338,0.3019074817426971,0.6791584602591036,Telapak Tangan,Anemia
16.889987244897952,13.612768896349658,0.49515173256802725,0.8562680540966386,Telapak Tangan,Anemia
16.423329878826536,12.859324550031337,0.4708688162765106,0.8972750819077631,Telapak Tangan,Anemia
11.220663265306115,10.010690132977595,0.21235603616446577,0.4919799951230492,Telapak Tangan,Anemia
3.4675940688775597,0.40116750243028854,0.09226549994998,0.80324293780012,Telapak Tangan,Anemia
2.4385363520408134,-0.44998130453355323,0.09579284838935574,0.8340172006302521,Telapak Tangan,Anemia
8.492426658163254,2.902544510438565,0.13193691539115646,0.7107133478391356,Telapak Tangan,Anemia
5.812141262755091,0.6387910113061501,0.15076452455982395,0.7166219612845138,Telapak Tangan,Anemia
11.184550382653072,4.171212301869831,0.19663341899259704,0.6221164246948779,Telapak Tangan,Anemia
17.88016183035714,17.21738110839528,0.521436855992397,0.6434659019857943,Telapak Tangan,Anemia
8.038464604591837,7.439669765922963,0.2322200755302121,0.626109818927571,Telapak Tangan,Anemia
15.181620695153072,12.333836369081563,0.4250761241996799,0.8085653011204481,Telapak Tangan,Anemia
3.1232262436224403,6.651348835533311,0.3551992672068828,0.5196069052621048,Telapak Tangan,Anemia
3.6524433992346985,7.057703257637238,0.3618659182422969,0.5236766581632653,Telapak Tangan,Anemia
10.550621811224488,10.310164574814173,0.223820700155062,0.44275202268407365,Telapak Tangan,Anemia
10.835180165816325,10.582405377233961,0.2290248130502201,0.4399075255102041,Telapak Tangan,Anemia
9.684012276785722,6.520867926021223,0.1449863539165666,0.6674191551620648,Telapak Tangan,Anemia
12.124940210459187,8.155451234121047,0.18100709033613446,0.6927860988145259,Telapak Tangan,Anemia
4.2277981505102105,0.2715994200055416,0.11973000137555022,0.6688111963535415,Telapak Tangan,Anemia
4.647799744897952,0.44327626965885436,0.12147382390456182,0.6763642175620248,Telapak Tangan,Anemia
7.085040656887742,5.951138998950167,0.18942764605842338,0.7224778974089636,Telapak Tangan,Anemia
6.056401466836746,5.143022224797011,0.1664686968537415,0.7320682179121649,Telapak Tangan,Anemia
13.288006218112258,9.381700665166282,0.2510966105192077,0.7992233612194878,Telapak Tangan,Anemia
14.160714285714278,9.721258436364755,0.24771814975990397,0.8070947910414166,Telapak Tangan,Anemia
19.782067123724488,17.210471494337696,0.4941371079681873,0.6963951205482193,Telapak Tangan,Anemia
18.084123883928584,14.384171720864458,0.4410272702831132,0.7968362344937976,Telapak Tangan,Anemia
13.560327646683675,10.321563494939223,0.2952362976440576,0.7702257465486194,Telapak Tangan,Anemia
15.645129145408163,12.88129827964104,0.30194906087434975,0.6381587009803922,Telapak Tangan,Anemia
13.0498046875,9.574815714183593,0.2731088529161665,0.7873334490046018,Telapak Tangan,Anemia
17.91876594387756,14.445107330607598,0.4447084302470989,0.785929137279912,Telapak Tangan,Anemia
9.072963169642861,8.802498864151165,0.2594723827030812,0.5943013142757102,Telapak Tangan,Anemia
9.314772002551024,8.930949917227293,0.2602688731742697,0.5976781337535014,Telapak Tangan,Anemia
-3.5327447385204067,-2.8275403656629283,0.07368040966386555,0.6032323085484194,Telapak Tangan,Anemia
-3.405592315051024,-2.5881046971975685,0.06734646983793517,0.6195457870648259,Telapak Tangan,Anemia
-3.5120176977040813,-2.8128338900665906,0.07316293704981992,0.6002140700030012,Telapak Tangan,Anemia
9.182318239795904,8.86780932164637,0.2601607049069628,0.5945185105292117,Telapak Tangan,Anemia
9.52024872448979,8.68944377573353,0.27818854104141655,0.6282482524259704,Telapak Tangan,Anemia
9.469487404336746,8.322930957800478,0.2613641550370148,0.6426608924819928,Telapak Tangan,Anemia
9.212870695153072,8.461264913949318,0.27311018157262906,0.6336594012605042,Telapak Tangan,Anemia
19.982979910714278,15.940453994213755,0.41846941901760704,0.7361661852240896,Telapak Tangan,Anemia
19.92338966836735,15.802680168425631,0.41353564863445375,0.737507893782513,Telapak Tangan,Anemia
6.409638073979579,5.338785999349582,0.17933165453681474,0.7749720982142857,Telapak Tangan,Anemia
6.567044005102048,5.5299951168325645,0.18925546781212485,0.7708731148709483,Telapak Tangan,Anemia
2.9105349170918373,2.6888966093133515,0.09696378551420567,0.7303590967637055,Telapak Tangan,Anemia
8.409080038265301,7.580037722016542,0.21657842824629853,0.5889909870198079,Telapak Tangan,Anemia
0.663285235969397,1.4536216734176488,0.08311074429771909,0.7879994966736695,Telapak Tangan,Anemia
0.9416852678571388,1.5990798029136943,0.0848155668517407,0.787405274609844,Telapak Tangan,Anemia
9.697325414540813,9.037688294428525,0.2990715036014406,0.6889719950480192,Telapak Tangan,Anemia
7.116529815051024,10.01186963198637,0.3308918880052021,0.42004278273809526,Telapak Tangan,Anemia
8.011519451530603,9.932416423583824,0.3095436612144858,0.46132976628151257,Telapak Tangan,Anemia
6.737822863520421,5.712162554023648,0.1809048619447779,0.7249938256552622,Telapak Tangan,Anemia
16.96342873086735,15.328925663030812,0.5117067139355742,0.7093188056472589,Telapak Tangan,Anemia
16.10518973214286,14.556847626102298,0.5023069384003601,0.713514155662265,Telapak Tangan,Anemia
14.61639030612244,11.76910150344761,0.34436829419267706,0.7242705676020409,Telapak Tangan,Anemia
14.045001594387742,11.248633855802437,0.3292216105192077,0.7245361425820328,Telapak Tangan,Anemia
22.6786112882653,24.997713699136348,0.64800787502501,0.5186537114845938,Telapak Tangan,Anemia
22.68092315051021,24.14221085481696,0.6292498249299721,0.5333466980542217,Telapak Tangan,Anemia
16.82423867984693,15.735030441507103,0.5231549651110444,0.6797020370648259,Telapak Tangan,Anemia
16.824059311224488,15.438485058737639,0.516071037790116,0.7005527210884354,Telapak Tangan,Anemia
7.203105070153072,8.634603129736185,0.3919161414565826,0.7321183160764305,Telapak Tangan,Anemia
7.316067442602048,8.673091277042566,0.3923699167166867,0.7334777661064426,Telapak Tangan,Anemia
16.3104472257653,14.826260238916733,0.49368849102140855,0.7242618922569027,Telapak Tangan,Anemia
16.622488839285722,14.752248820226388,0.48531521983793513,0.7393744216436574,Telapak Tangan,Anemia
11.186005261479579,7.807730923292366,0.2373232886904762,0.89339743709984,Telapak Tangan,Anemia
13.128069196428584,9.767768454315817,0.3534247292667067,0.9771652410964385,Telapak Tangan,Anemia
15.119260204081627,11.061117448205549,0.3857328087484994,0.9688036933523408,Telapak Tangan,Anemia
19.4542012117347,19.931882282933987,0.6221443264805923,0.606124637354942,Telapak Tangan,Anemia
18.860132334183675,18.37193590967292,0.6004951199229692,0.6423030931122449,Telapak Tangan,Anemia
21.584482621173464,19.170284664750703,0.6335121548619447,0.741000931622649,Telapak Tangan,Anemia
21.86780532525509,19.443344083224325,0.6363278123749501,0.7374094168917567,Telapak Tangan,Anemia
17.26100127551021,16.756429989277688,0.4763778167517007,0.6125542404461785,Telapak Tangan,Anemia
17.274095184948976,16.415230152927407,0.4682755914865946,0.6263913377851141,Telapak Tangan,Anemia
12.992047991071416,10.135281465045232,0.3746668980092037,0.9455538465386154,Telapak Tangan,Anemia
5.297353316326536,6.997533503262154,0.33628709296218484,0.6752083645958383,Telapak Tangan,Anemia
5.326032366071416,6.866340622824163,0.31010959071128447,0.6922826161714686,Telapak Tangan,Anemia
5.961754623724488,7.331631467041788,0.32162779174169664,0.6886092718337335,Telapak Tangan,Anemia
30.39869658801021,29.958817495476843,0.6591977415966387,0.6097075548969588,Telapak Tangan,Anemia
14.220922353316325,13.636512248364907,0.41645533213285313,0.633805162690076,Telapak Tangan,Anemia
8.8564453125,6.054264130455866,0.194781350040016,0.9692737251150461,Telapak Tangan,Anemia
8.830177774234699,6.051363830762613,0.19524106517607043,0.9680877819877951,Telapak Tangan,Anemia
23.394331951530603,15.512659530309492,0.3115103072478992,0.6885887948929572,Telapak Tangan,Anemia
7.223114636479579,8.62613387732618,0.3909906931522609,0.7335212209883953,Telapak Tangan,Anemia
7.516661352040813,8.880648525194745,0.4000771402310924,0.7308146696178471,Telapak Tangan,Anemia
10.630560427295904,8.691624403333442,0.297710724914966,0.7900943971338535,Telapak Tangan,Anemia
9.110271843112258,7.73612617639996,0.28863240608743496,0.8163739714635854,Telapak Tangan,Anemia
29.69292091836735,24.988228189220017,0.5559641043917567,0.7003803083733494,Telapak Tangan,Anemia
28.7784199617347,23.89718988951288,0.547725730917367,0.7088976215486195,Telapak Tangan,Anemia
10.95746970663265,10.54645383489179,0.36446617709583834,0.6200218368597439,Telapak Tangan,Anemia
15.567083864795904,14.719062187804877,0.4506823823279312,0.6285171099689876,Telapak Tangan,Anemia
15.10600685586735,14.083056550854911,0.43726568752501,0.6425059867697079,Telapak Tangan,Anemia
10.814413265306115,11.262841582580352,0.3941233524659864,0.6046749949979991,Telapak Tangan,Anemia
11.052774234693885,11.627328842843054,0.4022029905712285,0.5915503701480592,Telapak Tangan,Anemia
17.60867745535714,18.503870247400013,0.5267736000650259,0.5551562031062425,Telapak Tangan,Anemia
17.901925223214278,18.89046310210274,0.5268705138305323,0.5499864789665866,Telapak Tangan,Anemia
21.362703284438766,15.891653610401546,0.40313109618847537,0.7766233837284914,Telapak Tangan,Anemia
0.5033482142857224,0.8018287967679782,0.042944208933573425,0.8379329856942777,Telapak Tangan,Anemia
9.014488998724488,7.220480244665772,0.2215216555372149,0.7604199492296918,Telapak Tangan,Anemia
8.620794802295904,6.929465782944932,0.21494840123549422,0.7640854779411764,Telapak Tangan,Anemia
5.954599808673464,4.852622819922292,0.1227797368947579,0.5853331957783113,Telapak Tangan,Anemia
6.145746970663254,5.08509134130497,0.13016636342036814,0.5828769789165666,Telapak Tangan,Anemia
10.701849489795904,10.64535903600623,0.3956733474639856,0.6840347857893158,Telapak Tangan,Anemia
10.572225765306115,10.475524862430685,0.3882262279911965,0.6953307104091637,Telapak Tangan,Anemia
5.516083386479579,6.066198933144262,0.27654929159163666,0.8724714104391756,Telapak Tangan,Anemia
5.4792330994897895,6.1527242747973165,0.2833470888355342,0.8427701549369748,Telapak Tangan,Anemia
0.8531768176020478,2.850958141165272,0.17813117434473788,0.8178962209883953,Telapak Tangan,Anemia
0.8097098214285836,2.8355933885095386,0.17881019595338135,0.824796481092437,Telapak Tangan,Anemia
10.905911192602048,8.343401104746162,0.28746053108743497,0.8694673963335334,Telapak Tangan,Anemia
20.635323660714278,19.580723311208324,0.6754237632553022,0.6678061849739896,Telapak Tangan,Anemia
7.523636798469397,7.160372412925087,0.3020861469587835,0.8532835009003601,Telapak Tangan,Anemia
3.4596221301020478,5.917107726302406,0.32070257790616247,0.7157710740546219,Telapak Tangan,Anemia
10.57537468112244,8.042867216043748,0.23275028761504601,0.7206360669267707,Telapak Tangan,Anemia
19.823462550849484,27.036986013227036,0.7569774643525753,0.42519757204947867,Telapak Tangan,Anemia
14.567621970663254,18.365934134264684,0.6416856586384554,0.49935380402160867,Telapak Tangan,Anemia
19.98483338647958,20.02410728938169,0.6596457332933173,0.6408425088785514,Telapak Tangan,Anemia
23.239756058673464,22.834969759793267,0.5394805578481393,0.5819734925220088,Telapak Tangan,Non-anemia
16.247110172193885,11.846065005841666,0.30849964985994394,0.7709660426670668,Telapak Tangan,Non-anemia
16.32342155612244,11.559991643259204,0.23886343599939974,0.6252899597338936,Telapak Tangan,Non-anemia
16.32342155612244,11.559991643259204,0.23886343599939974,0.6252899597338936,Telapak Tangan,Non-anemia
16.03852439413265,14.461066434995518,0.3705965980142057,0.6147642650810323,Telapak Tangan,Non-anemia
15.316366390306115,13.134571012984031,0.34400103791516606,0.649234537565026,Telapak Tangan,Non-anemia
12.98748405612244,8.61242020359163,0.23680683210784315,0.8796251313025211,Telapak Tangan,Non-anemia
18.518076371173464,13.010531849725115,0.4010913740496198,0.9097687512505003,Telapak Tangan,Non-anemia
15.31586814413265,13.13468663321351,0.3439966611644658,0.6492296137204882,Telapak Tangan,Non-anemia
15.31586814413265,13.13468663321351,0.3439966611644658,0.6492296137204882,Telapak Tangan,Non-anemia
12.672074298469397,8.42679697209654,0.2332906600140056,0.8851624243447379,Telapak Tangan,Non-anemia
16.128507653061234,11.196327420058694,0.2324420393157263,0.6298958645958384,Telapak Tangan,Non-anemia
15.31586814413265,13.13468663321351,0.3439966611644658,0.6492296137204882,Telapak Tangan,Non-anemia
15.370137117346928,13.19671142343366,0.3453683035714286,0.6486128044967987,Telapak Tangan,Non-anemia
11.947743941326536,9.863880365848443,0.3255018413615446,0.7957942552020808,Telapak Tangan,Non-anemia
16.03852439413265,14.461066434995518,0.3705965980142057,0.6147642650810323,Telapak Tangan,Non-anemia
15.31586814413265,13.13468663321351,0.3439966611644658,0.6492296137204882,Telapak Tangan,Non-anemia
13.79518096301021,10.086874477613517,0.3066632121598639,0.8469977053321329,Telapak Tangan,Non-anemia
11.677594866071416,13.30024343886198,0.3749985150310124,0.474500581482593,Telapak Tangan,Non-anemia
12.096261160714278,9.944958558275863,0.3271628182523009,0.7951652536014406,Telapak Tangan,Non-anemia
13.495635363520421,11.75638129174903,0.41994321165966386,0.800264168167267,Telapak Tangan,Non-anemia
25.055026307397952,20.02164546487819,0.4915532619297719,0.7370095694527812,Telapak Tangan,Non-anemia
18.632234534438766,18.57677840137488,0.5370879601840736,0.6065569196428572,Telapak Tangan,Non-anemia
15.630699936224488,14.381030170586273,0.41480795443177276,0.635648556297519,Telapak Tangan,Non-anemia
7.208924585459187,4.916574002764129,0.13688303446378552,0.8409978053721489,Telapak Tangan,Non-anemia
16.31843909438774,9.493743544202005,0.22030843587434976,0.8725116609143657,Telapak Tangan,Non-anemia
4.185148278061234,5.177614375466266,0.24664311036914766,0.8115618122248899,Telapak Tangan,Non-anemia
23.49172911352042,17.647785019421434,0.4185095131802721,0.7674403355092037,Telapak Tangan,Non-anemia
24.048449457908163,18.18978081242215,0.42722268594937973,0.7617468080982394,Telapak Tangan,Non-anemia
20.298230229591837,20.742244409319845,0.5283943264805923,0.5568124124649859,Telapak Tangan,Non-anemia
1.753946109693885,4.742117748692376,0.31942245648259304,0.7040053521408564,Telapak Tangan,Non-anemia
7.549386160714278,7.457630682489436,0.28059653548919566,0.7079863976840736,Telapak Tangan,Non-anemia
7.969686702806115,8.046578844806396,0.30279799419767905,0.6908370379401761,Telapak Tangan,Non-anemia
13.639449139030603,11.196965677693438,0.36377277473489394,0.7903170643257303,Telapak Tangan,Non-anemia
14.260383450255091,11.769745347906735,0.37605135804321727,0.7772574654861945,Telapak Tangan,Non-anemia
13.331951530612258,10.85201522192758,0.35399323792016807,0.8069909995248099,Telapak Tangan,Non-anemia
13.003447863520421,10.08995898384697,0.3156459458783513,0.8261496786214486,Telapak Tangan,Non-anemia
12.673250159438766,9.995132985814026,0.3163061318277311,0.8142637523759504,Telapak Tangan,Non-anemia
17.724948182397952,14.88796337034004,0.44518018144757904,0.7392990008503402,Telapak Tangan,Non-anemia
17.73198341836735,14.777434041407345,0.44340282988195273,0.7475647290166066,Telapak Tangan,Non-anemia
17.34418845663265,14.332237543718485,0.43939200680272106,0.7689581301270508,Telapak Tangan,Non-anemia
17.47941246811226,14.432208826635717,0.4423628044967987,0.7687684448779513,Telapak Tangan,Non-anemia
14.291573660714278,12.92550291253951,0.409632212259904,0.69355500012505,Telapak Tangan,Non-anemia
14.547492825255091,12.91282959574005,0.41097876650660264,0.7118053471388556,Telapak Tangan,Non-anemia
14.669802295918373,12.324228456841846,0.40238509466286515,0.7802774234693878,Telapak Tangan,Non-anemia
14.329858896683675,12.167182972413482,0.3990950286364546,0.7701820571978791,Telapak Tangan,Non-anemia
13.159119897959187,10.95961372252292,0.3506093843787515,0.7704937443727491,Telapak Tangan,Non-anemia
12.952068718112258,11.162965256776003,0.3565246411064426,0.7351126388055222,Telapak Tangan,Non-anemia
13.259964923469397,10.971238408243789,0.350671205982393,0.7762979410514206,Telapak Tangan,Non-anemia
17.951570471938766,15.546644028889833,0.4731516825480192,0.7162900316376551,Telapak Tangan,Non-anemia
18.189074457908163,16.037016344703268,0.4828967524509804,0.6993301226740696,Telapak Tangan,Non-anemia
17.594387755102048,15.84597532463099,0.4804046618647459,0.6776975634003601,Telapak Tangan,Non-anemia
16.55689971301021,14.836817094074695,0.4319076067927171,0.6728697729091637,Telapak Tangan,Non-anemia
13.40989716198979,10.812673843085419,0.3342283788515406,0.779719700380152,Telapak Tangan,Non-anemia
13.478117028061234,10.840452426756642,0.3336064113145258,0.7819249574829932,Telapak Tangan,Non-anemia
13.421954719387742,10.739335266867522,0.3326343037214886,0.7904264830932373,Telapak Tangan,Non-anemia
13.323222257653072,10.885214933965237,0.3554467880902361,0.8025760304121649,Telapak Tangan,Non-anemia
14.26580436862244,10.456788706125764,0.3239905337134854,0.8826306303771508,Telapak Tangan,Non-anemia
14.04705436862244,10.356599281731294,0.32536717812124855,0.8865322691576631,Telapak Tangan,Non-anemia
12.193578603316325,9.099106148974512,0.3122771764955982,0.9368570084283714,Telapak Tangan,Non-anemia
12.383649553571416,9.228543414417922,0.31553246298519405,0.9347924325980392,Telapak Tangan,Non-anemia
12.089923469387742,9.722081083712064,0.3229393319827931,0.8276698960834333,Telapak Tangan,Non-anemia
12.034677933673464,9.713779795768884,0.323101975165066,0.8242842449479792,Telapak Tangan,Non-anemia
7.460180165816325,7.583886268163864,0.2872563869297719,0.6933005233343337,Telapak Tangan,Non-anemia
15.591458067602048,13.453467420975285,0.3501978135004002,0.6450110512955182,Telapak Tangan,Non-anemia
9.27806122448979,9.563854508402203,0.3963713610444178,0.7711706557623049,Telapak Tangan,Non-anemia
9.162707270408163,8.87686694170422,0.3237175338885554,0.7224766469087636,Telapak Tangan,Non-anemia
6.04510124362244,4.221792727836338,0.11585540466186475,0.7717867615796318,Telapak Tangan,Non-anemia
7.082848373724488,5.959884848896779,0.16164723701980793,0.6304267800870348,Telapak Tangan,Non-anemia
9.468969228316325,9.54869371815903,0.331422256402561,0.6505283363345338,Telapak Tangan,Non-anemia
9.188496492346928,9.198522964497702,0.3213997317677071,0.6640590611244498,Telapak Tangan,Non-anemia
20.693857621173464,15.960854502708388,0.5176572972939175,0.8631076649409763,Telapak Tangan,Non-anemia
11.670240752551024,9.259938236124965,0.3138921975040016,0.8573786545868347,Telapak Tangan,Non-anemia
11.927515146683675,9.50449675663707,0.3210166879251701,0.8486691551620649,Telapak Tangan,Non-anemia
11.746153539540813,9.352843914125852,0.31794764780912366,0.8549644857943177,Telapak Tangan,Non-anemia
12.873505261479579,11.048054091829096,0.3272517600790316,0.702438006452581,Telapak Tangan,Non-anemia
13.501733896683675,12.041878796538619,0.3580363395358143,0.6775471125950381,Telapak Tangan,Non-anemia
11.425661670918373,12.731086810494663,0.3597356129951981,0.4879031300020008,Telapak Tangan,Non-anemia
11.106046715561234,13.826460426013277,0.3808019301470588,0.4250908175770308,Telapak Tangan,Non-anemia
23.12384406887756,18.554920324785982,0.55078031212485,0.7924833996098439,Telapak Tangan,Non-anemia
22.709761639030603,18.186146359130806,0.5504841780462185,0.8011993860044018,Telapak Tangan,Non-anemia
23.713448660714278,19.348376661916245,0.4752289978491397,0.7030639599589836,Telapak Tangan,Non-anemia
23.036371970663254,18.36176227309556,0.45957437662565026,0.7192703643957583,Telapak Tangan,Non-anemia
19.28800621811226,15.02563120321172,0.45498957395458184,0.8144552352190877,Telapak Tangan,Non-anemia
19.0438456632653,14.950319194672979,0.4577638868047219,0.8126327093337335,Telapak Tangan,Non-anemia
13.957728794642861,14.129846913468258,0.6041262598789515,0.7489611469587835,Telapak Tangan,Non-anemia
13.69513313137756,14.30057090273662,0.6191739195678271,0.7314742303171269,Telapak Tangan,Non-anemia
17.226442920918373,19.87639988860639,0.678586043792517,0.5495085534213685,Telapak Tangan,Non-anemia
18.535196109693885,22.71953556032922,0.7125313406612644,0.496203012454982,Telapak Tangan,Non-anemia
19.891541772959187,17.391619472968856,0.6150218681222489,0.7786710778061224,Telapak Tangan,Non-anemia
19.944933832908163,17.200040152987796,0.6048992253151261,0.7866052671068428,Telapak Tangan,Non-anemia
20.58791055484693,19.955698234027253,0.7075130833583434,0.6895664515806323,Telapak Tangan,Non-anemia
20.24095184948979,19.393158996254467,0.696790200455182,0.7047383015706282,Telapak Tangan,Non-anemia
20.589903539540813,22.761738845789182,0.6937663346588636,0.5510519832933173,Telapak Tangan,Non-anemia
21.348592952806115,20.63919788818831,0.6617013993097238,0.6621121886254502,Telapak Tangan,Non-anemia
22.5264668367347,22.620729867843224,0.7711337660064026,0.6480838429121649,Telapak Tangan,Non-anemia
22.67239317602042,23.543017953888356,0.7778108118247299,0.6153754470538215,Telapak Tangan,Non-anemia
19.474449936224488,19.42071805165537,0.6495395814575831,0.6502868334833933,Telapak Tangan,Non-anemia
24.686762595663254,28.357440802629675,0.7133810555472189,0.5176100127551021,Telapak Tangan,Non-anemia
13.911924227318053,15.522489035266451,0.6051974273258656,0.6153600375344555,Telapak Tangan,Non-anemia
15.081014827806115,16.688656603447384,0.6198505964885954,0.6054905555972389,Telapak Tangan,Non-anemia
14.539122289540813,16.825184515752856,0.6116620867096839,0.5635933279561824,Telapak Tangan,Non-anemia
12.14116568330411,14.373214866416806,0.617564121805635,0.6221032233655701,Telapak Tangan,Non-anemia
23.16354432397958,18.631464625274717,0.46431463210284113,0.7121704150410164,Telapak Tangan,Non-anemia
23.106325733418373,18.57486478150525,0.5511263098989596,0.790344887955182,Telapak Tangan,Non-anemia
18.014150191326536,16.690493862155577,0.49841749199679874,0.6587416216486595,Telapak Tangan,Non-anemia
21.856564891581627,20.965909996991194,0.41630581920268106,0.5462688200280112,Telapak Tangan,Non-anemia
22.01456871811226,21.175652933752676,0.4214731204981993,0.5453248486894758,Telapak Tangan,Non-anemia
22.06106505102042,19.875308477147115,0.3986657162865146,0.5761114602090837,Telapak Tangan,Non-anemia
19.45358338647958,13.85196321080393,0.2955120329381753,0.7387156425070028,Telapak Tangan,Non-anemia
11.681660554846928,8.661657765844266,0.18685208458383354,0.6562754007853141,Telapak Tangan,Non-anemia
19.198202327806115,15.646339705413359,0.33329097263905566,0.6472446791216487,Telapak Tangan,Non-anemia
19.42410714285714,15.808701609004538,0.337476943902561,0.6505378713985595,Telapak Tangan,Non-anemia
16.681939572704096,13.872406772896895,0.276109349989996,0.56429712510004,Telapak Tangan,Non-anemia
21.270188934948976,16.20854587724052,0.3574401635654262,0.7142615640006003,Telapak Tangan,Non-anemia
22.199956154336746,17.086287847070956,0.3717384610094037,0.7132075486444578,Telapak Tangan,Non-anemia
11.436045121173464,4.37538725021942,0.19754042241896758,0.6219000100040016,Telapak Tangan,Non-anemia
8.820013552295904,11.315945772963222,0.37892094337735094,0.46844300220088037,Telapak Tangan,Non-anemia
22.847177933673464,18.682861147852492,0.45031074929971987,0.70199275022509,Telapak Tangan,Non-anemia
20.665856186224488,19.37991143628026,0.4855644601590636,0.6018046281012405,Telapak Tangan,Non-anemia
21.746671715561234,19.026798706828618,0.4722248274309724,0.6507412339935974,Telapak Tangan,Non-anemia
10.134546396683675,11.896673117793233,0.3453030430922369,0.4713858981092437,Telapak Tangan,Non-anemia
8.95143096301021,10.353988230227795,0.31756030537214885,0.5001688175270108,Telapak Tangan,Non-anemia
21.71332908163265,17.718992539297318,0.3438309698879552,0.585921712434974,Telapak Tangan,Non-anemia
22.016183035714278,18.3121941301591,0.35313602003301325,0.5799114176920768,Telapak Tangan,Non-anemia
13.303730867346928,10.083595618604857,0.21284107392957183,0.5991583352090837,Telapak Tangan,Non-anemia
12.681839923469397,9.331486375299436,0.19849134966486592,0.6003199717386954,Telapak Tangan,Non-anemia
9.9892578125,8.030935617597157,0.23354013480392158,0.7400907237895158,Telapak Tangan,Non-anemia
9.76829559948979,7.87019240246325,0.23052752350940375,0.7414543942577031,Telapak Tangan,Non-anemia
18.725904815051024,14.783090046515568,0.48665075405162067,0.8506674544817927,Telapak Tangan,Non-anemia
20.957429846938766,14.513717734495302,0.404999968737495,0.9018483956082434,Telapak Tangan,Non-anemia
20.750478316326536,14.490792436030286,0.4070186668417367,0.8940741921768708,Telapak Tangan,Non-anemia
20.216398278061234,18.044359327075775,0.5344791822979192,0.6954628726490596,Telapak Tangan,Non-anemia
20.274732940051024,18.12986008074504,0.5322190594987996,0.6928470606992797,Telapak Tangan,Non-anemia
16.00035873724491,12.650373672844806,0.43313184648859543,0.8776698960834334,Telapak Tangan,Non-anemia
16.008729272959187,12.636982148843678,0.4324121836234494,0.8783143726240497,Telapak Tangan,Non-anemia
14.29563934948979,10.077460773610136,0.2984788446628652,0.8632439694627851,Telapak Tangan,Non-anemia
15.035634566326536,10.541048417022214,0.30217415091036415,0.8543164922218888,Telapak Tangan,Non-anemia
16.011479591836746,14.815141346668659,0.40835631127450983,0.6060289740896359,Telapak Tangan,Non-anemia
10.321647799744909,8.504178545705265,0.2814253044967987,0.7495797537765106,Telapak Tangan,Non-anemia
14.135004783163254,9.99075140567487,0.2969501863245298,0.8663692039315727,Telapak Tangan,Non-anemia
15.441625478316325,10.877926251769932,0.3106854460534214,0.8503947672819128,Telapak Tangan,Non-anemia
11.767378826530603,10.065944265388493,0.34149480104541813,0.7866015937625049,Telapak Tangan,Non-anemia
11.909319196428584,10.623779719272175,0.3548688225290116,0.7326556403811525,Telapak Tangan,Non-anemia
6.539660395408163,5.582156652207315,0.20703539228191276,0.8641666822979192,Telapak Tangan,Non-anemia
9.017498405612258,8.035970539305204,0.28827843637454986,0.7650242909663866,Telapak Tangan,Non-anemia
11.436164700255091,9.909366039113987,0.3760243941326531,0.8652047537765106,Telapak Tangan,Non-anemia
12.618383290816325,10.776834844947158,0.38729593399859946,0.8280470782062825,Telapak Tangan,Non-anemia
11.382932079081627,10.299919031076499,0.3974027110844338,0.8278203468887555,Telapak Tangan,Non-anemia
12.261698820153072,11.071255680760705,0.4046207545518207,0.784617206257503,Telapak Tangan,Non-anemia
15.040078922193885,11.900196595941104,0.4288420837084834,0.9116467680822329,Telapak Tangan,Non-anemia
15.653639190051024,12.401514523357848,0.42844966111444577,0.8731128388855542,Telapak Tangan,Non-anemia
15.349748883928584,12.401512786658397,0.4161685768057223,0.8387220513205282,Telapak Tangan,Non-anemia
15.348752391581627,12.287237262705686,0.4098069696628652,0.845749549819928,Telapak Tangan,Non-anemia
18.371572066326536,16.259322500855333,0.5504707351690676,0.7326139049369749,Telapak Tangan,Non-anemia
19.67321029974491,18.301171733156394,0.59246018719988,0.6799421331032414,Telapak Tangan,Non-anemia
23.037886639030603,21.10649664276054,0.6347610919367748,0.6839617096838735,Telapak Tangan,Non-anemia
22.89205994897958,20.552224669083596,0.6213740965136055,0.7000951161714686,Telapak Tangan,Non-anemia
22.81979432397958,20.51926091420131,0.6215893388605441,0.6981066645408164,Telapak Tangan,Non-anemia
22.180424904336746,19.490888669001194,0.5962651466836735,0.7181714091886755,Telapak Tangan,Non-anemia
14.12836814413265,15.05568314336816,0.45651502788615445,0.5506828512655063,Telapak Tangan,Non-anemia
14.86009247448979,15.0004132660432,0.4520168223539416,0.5867153111244497,Telapak Tangan,Non-anemia
15.47514748086735,11.845501149021365,0.3545813637955182,0.8006548713235294,Telapak Tangan,Non-anemia
13.497987085459187,13.61815091209011,0.4370105073279312,0.6005119235194077,Telapak Tangan,Non-anemia
15.049764827806115,11.755616013336079,0.3550046581132453,0.7837155956132453,Telapak Tangan,Non-anemia
14.085100446428584,13.61378039817911,0.4350637129851941,0.6328998005452181,Telapak Tangan,Non-anemia
15.924864477040813,15.662630739549721,0.47562220200580235,0.6141047825380153,Telapak Tangan,Non-anemia
16.154516103316325,14.949018151230176,0.4591613989345738,0.6563186211984794,Telapak Tangan,Non-anemia
15.703603316326536,16.889707751592155,0.5603738370348139,0.5713838660464187,Telapak Tangan,Non-anemia
16.098054846938766,16.665779140787997,0.5550996961284513,0.6019882171618648,Telapak Tangan,Non-anemia
12.19451530612244,15.648235347988804,0.49035168755002,0.44923867984693877,Telapak Tangan,Non-anemia
11.893873565051024,15.223045328715102,0.4806646877501001,0.4533323485644258,Telapak Tangan,Non-anemia
21.213030133928584,18.650414487205946,0.5037501719437775,0.6789073441876751,Telapak Tangan,Non-anemia
18.290178571428584,16.40848883727446,0.4724690657513005,0.6755527992446978,Telapak Tangan,Non-anemia
16.59562340561226,14.209968095061587,0.4671587384953982,0.7615094475290116,Telapak Tangan,Non-anemia
16.942323022959187,14.47911967372959,0.4691450799069628,0.7575506765206081,Telapak Tangan,Non-anemia
23.41547751913265,21.11812213768367,0.6504012542517007,0.705265543717487,Telapak Tangan,Non-anemia
23.549426020408163,20.943082915069276,0.6450298869547819,0.7156167935924369,Telapak Tangan,Non-anemia
13.70481903698979,13.580881627987429,0.4068886929771909,0.5924108705982393,Telapak Tangan,Non-anemia
13.427096619897952,13.429433747758868,0.4044314600840336,0.5869822929171669,Telapak Tangan,Non-anemia
13.443957270408163,14.526707036399822,0.37055580044517805,0.49185799319727896,Telapak Tangan,Non-anemia
33.001016422193885,27.602180454222335,0.583235481692677,0.7147559805172068,Telapak Tangan,Non-anemia
33.0489277742347,27.7588379371007,0.5853324142156863,0.7114289465786314,Telapak Tangan,Non-anemia
29.89905532525509,23.827640121578362,0.4359357805622249,0.6904471163465387,Telapak Tangan,Non-anemia
29.72913345025509,23.251065796973602,0.4317991259003601,0.7023139724639856,Telapak Tangan,Non-anemia
11.76508689413265,8.788367267564112,0.2611335159063626,0.790844619097639,Telapak Tangan,Non-anemia
7.706792091836746,6.135209938249631,0.21587298982092837,0.833984531312525,Telapak Tangan,Non-anemia
11.356325733418373,10.379951170903423,0.33000590861344536,0.6032851421818728,Telapak Tangan,Non-anemia
20.37224968112244,16.14959941291736,0.3559341705432173,0.6744017919667866,Telapak Tangan,Non-anemia
16.539879623724488,15.361267686813651,0.5113931510104042,0.6979263580432173,Telapak Tangan,Non-anemia
21.08035714285714,20.46511037144856,0.6531762705082033,0.6517524978741497,Telapak Tangan,Non-anemia
21.02840003188774,20.303435491005082,0.6460458402110845,0.6557458921068428,Telapak Tangan,Non-anemia
7.246611926020421,6.5333413569191645,0.2073378570178071,0.6420669830432173,Telapak Tangan,Non-anemia
6.2912747130102105,6.765101229395221,0.3259152098339336,0.9401462147358944,Telapak Tangan,Non-anemia
6.712671396683675,7.029206229720808,0.3350780155812325,0.9402104591836735,Telapak Tangan,Non-anemia
10.269650829081627,10.304303077312493,0.3841232586784714,0.6974813362845138,Telapak Tangan,Non-anemia
1.6835738201530717,2.96925575875413,0.1606748949579832,0.527257231017407,Telapak Tangan,Non-anemia
9.711674904336746,9.08925521770878,0.35076647846638653,0.7896581288765506,Telapak Tangan,Non-anemia
9.39604591836735,9.006834279347675,0.3535334446278512,0.7761363920568227,Telapak Tangan,Non-anemia
26.00001992984693,16.995023429688636,0.4164275085034014,0.9208524034613846,Telapak Tangan,Non-anemia
22.050123565051024,14.547277110523016,0.3642979848189276,0.8991962409963985,Telapak Tangan,Non-anemia
18.934709821428584,15.320464625050967,0.4367396177220888,0.7514665241096439,Telapak Tangan,Non-anemia
14.323262117346928,17.79146529070037,0.4482113157763105,0.4243158982342937,Telapak Tangan,Non-anemia
9.145986128826536,9.019262526218208,0.3431784432523009,0.7360526241746699,Telapak Tangan,Non-anemia
12.364623133032296,16.345303605095317,0.5863404595368309,0.48186416398213794,Kuku,Anemia
10.629058683348234,15.667873704446599,0.6261223742798678,0.45342733260517,Kuku,Anemia
10.14869418702611,4.7663987107292805,0.11567779484722843,0.7645097488588246,Kuku,Anemia
9.283947090249399,3.931606572687274,0.1291075890974051,0.8258396899313393,Kuku,Anemia
11.711760583486893,4.114896768997678,0.187005802398827,0.7450277040242214,Kuku,Anemia
11.052581038036351,6.238679655297874,0.17918875625948338,0.6053806757853976,Kuku,Anemia
14.36782022687484,7.692016148025971,0.22640872738763826,0.6785609723180348,Kuku,Anemia
13.903576226432563,4.979728468482225,0.164894449001169,0.8414129055522704,Kuku,Anemia
16.76016281240277,8.877072776342887,0.19997925956652493,0.6973546797128061,Kuku,Anemia
10.813642026578066,8.366151669830701,0.22283187984496125,0.6801985619829327,Kuku,Anemia
12.784824115876603,8.05044586754815,0.18585042933652016,0.7709804105991531,Kuku,Anemia
15.443147493984526,11.289522887128944,0.24791629650375482,0.6752526393243008,Kuku,Anemia
10.857787083266231,9.87165555050109,0.25284877423348145,0.5696237277323557,Kuku,Anemia
10.992784103270736,8.468167875539612,0.2353791527489232,0.7438418517744323,Kuku,Anemia
16.472996348260608,12.903760157350641,0.3429304683626285,0.712645742517649,Kuku,Anemia
19.137149929482206,20.33951403547516,0.39826016582265406,0.4740872050400335,Kuku,Anemia
21.736195257053822,17.348472576242635,0.43328673688620334,0.7142791199914275,Kuku,Anemia
21.672649167193754,17.39779584545058,0.4398082003199762,0.7141806501221615,Kuku,Anemia
21.569557761263837,17.839912904206212,0.4604289005525819,0.6944444274617814,Kuku,Anemia
22.37206508994194,19.638817907357307,0.5167485085377418,0.6681218201811568,Kuku,Anemia
22.945132586395488,20.291069392797965,0.5257520822501112,0.6558693977487527,Kuku,Anemia
21.889265506565607,18.46216147437847,0.4814753295361061,0.6786712635305003,Kuku,Anemia
22.296875,17.99272995293295,0.4581998861250489,0.7060510524536494,Kuku,Anemia
21.59677956975463,17.123935649470834,0.4239154249941304,0.7163291438982711,Kuku,Anemia
10.005448682308469,8.206201553873349,0.3183243830168562,0.8971009041890969,Kuku,Anemia
16.84412791580226,12.309547979936752,0.3941682466641466,0.8914585881916396,Kuku,Anemia
14.008591199895534,10.242253950401636,0.3384481156348164,0.9105604837574147,Kuku,Anemia
9.713916249380958,7.384530794678712,0.19230597427987867,0.6404380340151248,Kuku,Anemia
7.036463008924329,4.2562053057866756,0.10387373199266504,0.7625337677976614,Kuku,Anemia
7.595369130844375,3.8337541367874373,0.09004121059401002,0.8744704307425781,Kuku,Anemia
5.204146589452279,2.664472195057277,0.06671026661847268,0.8918113569639872,Kuku,Anemia
16.979852199530626,11.925397257472126,0.3174634831213156,0.7865433625390037,Kuku,Anemia
12.364924832457888,11.229262666073492,0.3711210493978428,0.6974829616686378,Kuku,Anemia
13.37751927498985,11.596698320030363,0.3386253910915554,0.6783541930230769,Kuku,Anemia
13.169222224905212,12.047722205773681,0.3769056131374869,0.6762596570272762,Kuku,Anemia
15.63655286318695,12.718853040395262,0.3455344788654166,0.7111768565432011,Kuku,Anemia
14.239509059029814,10.764968341937298,0.3174729833488042,0.778809548366395,Kuku,Anemia
16.2211055276382,15.007697855271829,0.4296186816435117,0.6147557753114951,Kuku,Anemia
17.186975964225837,12.27023506576752,0.2622097408504537,0.6770092334916588,Kuku,Anemia
17.33669959428471,12.240851887297044,0.2760045171711302,0.6984452768583178,Kuku,Anemia
16.749168004840698,11.780946246162571,0.27454284187551536,0.7473606827357069,Kuku,Anemia
15.643804593982537,10.863733522729824,0.28096243997437215,0.7971343568161655,Kuku,Anemia
16.529238477418744,12.230819465143483,0.2626430359204989,0.6608389378808284,Kuku,Anemia
17.57819938722602,18.03911469337085,0.4333862925325681,0.5071049433207174,Kuku,Anemia
12.986753273322421,8.757230989499432,0.20392798690671032,0.7350222433490581,Kuku,Anemia
13.889491626645423,9.86116663300498,0.2983307937353656,0.8735565154471473,Kuku,Anemia
11.451118539470315,7.424400932428199,0.2169014666807839,0.9408779917212449,Kuku,Anemia
10.424536628420128,7.847170540425186,0.244537867174556,0.8305811124561313,Kuku,Anemia
12.03169597277369,8.272501228846707,0.23415701845116946,0.8638818413355133,Kuku,Anemia
5.849572568837658,3.963096253858822,0.13667138040215848,0.9717612979164179,Kuku,Anemia
5.244631551465318,3.5574293901761145,0.12016425829300892,0.9650044174491589,Kuku,Anemia
9.62724449463579,6.438183297820288,0.19330897576421874,0.8499331274011581,Kuku,Anemia
12.435388687859728,13.812888824408143,0.4372964728548728,0.5484059014479337,Kuku,Anemia
9.159733171619166,7.045325938465874,0.21406570827239324,0.7536201857334808,Kuku,Anemia
14.707365676048028,12.127830230512693,0.3185086886555449,0.6478495432811976,Kuku,Anemia
9.709534368070962,5.363656796539873,0.1456974334449227,0.7790711514958287,Kuku,Anemia
4.169982247284878,1.9117591090711983,0.057210325650728124,0.8724915843530395,Kuku,Anemia
2.570061499310782,1.2025576168356977,0.0457100176514249,0.870473781708633,Kuku,Anemia
8.385180607059482,5.913922519426196,0.15570564626528174,0.656267678522217,Kuku,Anemia
8.002704469805053,5.471061186078652,0.12559963357668316,0.7420820396632262,Kuku,Anemia
11.939430396360137,8.69088277845198,0.18767548667905345,0.6223108912827534,Kuku,Anemia
11.425147047965936,8.349295395715561,0.18175673882379964,0.6241307775048098,Kuku,Anemia
13.267452830188688,10.879104036167053,0.33217974180734855,0.7086325135814008,Kuku,Anemia
7.5778313376580115,5.870846012998143,0.17399634297964206,0.7453551467508878,Kuku,Anemia
9.231691688026359,7.006185227651329,0.20077989819142597,0.7321784737329571,Kuku,Anemia
7.968521065133132,6.114784447245691,0.17897903904654747,0.7413752209222232,Kuku,Anemia
4.352279171210455,4.605395794883105,0.19572501977890394,0.7244899181046464,Kuku,Anemia
4.489291071384656,3.3656174751092838,0.10530752640889636,0.7726375434724017,Kuku,Anemia
16.218449504259866,12.208804320954991,0.3581966372319442,0.7954025952965014,Kuku,Anemia
15.600829854393652,10.250651418467527,0.274969902429967,0.8841733699894783,Kuku,Anemia
7.631075364029897,6.1479701111627705,0.20690007407921848,0.7777464291501724,Kuku,Anemia
9.334524556913124,6.209064858404867,0.18417916835928363,0.9125815178536765,Kuku,Anemia
16.185214199382244,17.452632949627578,0.5282278684337337,0.5570007258913234,Kuku,Anemia
15.281039857779604,15.691719099125123,0.4800353429187613,0.5890787551977481,Kuku,Anemia
8.74672758423759,7.742263640768732,0.23673060771995832,0.680917167780876,Kuku,Anemia
9.145367837517256,7.447201851108565,0.2828094718000493,0.9326875072089404,Kuku,Anemia
9.197509479893256,7.138787852850204,0.25774340446351285,0.9407244832299289,Kuku,Anemia
15.065464106233577,8.458135822608703,0.20032680826182772,0.89068929265719,Kuku,Anemia
6.441874704294349,4.580392529477928,0.13233086727775076,0.7927825718247555,Kuku,Anemia
8.499316005471968,8.049491069382997,0.23407694647432833,0.5629694522932163,Kuku,Anemia
1.7216196673897457,1.021717936119293,0.033783923574518045,0.8320543417817035,Kuku,Anemia
3.2250534480186843,3.0202122651249663,0.1307580795953841,0.8944585640152745,Kuku,Anemia
0.32638728694092833,1.4613931838691308,0.0963167007159137,0.9616495415287735,Kuku,Anemia
2.507990314769984,2.822565497208851,0.14220889711816928,0.924260646631534,Kuku,Anemia
3.961646309586058,2.979627173698285,0.11500329422201845,0.9192066656043151,Kuku,Anemia
3.5989433013685925,3.305369301634098,0.138791436880124,0.8752160039139014,Kuku,Anemia
9.099651027530058,5.431470816304795,0.13361089715809968,0.8935674320433575,Kuku,Anemia
12.546690699807101,7.22394106229598,0.17253451043637263,0.9422714789992144,Kuku,Anemia
18.46220519573805,13.038892642609357,0.35241188442334914,0.8570168754680132,Kuku,Anemia
19.33394446074118,13.046397342779459,0.2938915059521413,0.7821539293335403,Kuku,Anemia
20.816020998395942,14.207493613222244,0.3254319625093998,0.8147475798757747,Kuku,Anemia
22.23892181142756,15.814622305484516,0.35991769076284325,0.7841330128371887,Kuku,Anemia
5.7889515904547295,6.278805097211526,0.2417796857842765,0.628506867483689,Kuku,Anemia
2.67583084391336,3.1545947479068914,0.13547432602615356,0.7254678645169793,Kuku,Anemia
5.370660876645417,3.301275579037677,0.09755792016901753,0.769684449163028,Kuku,Anemia
6.033611334405151,4.017481105179499,0.12186721754618246,0.7323928385662947,Kuku,Anemia
16.012280521085415,11.105842963316537,0.30446605705770285,0.8642996109931538,Kuku,Anemia
15.684684913421023,13.044461614809855,0.39925244662431064,0.7610057520189816,Kuku,Anemia
16.171395226053846,16.562118359401534,0.5244332784660256,0.610725332731809,Kuku,Anemia
11.633483833381888,12.228629765161614,0.4574370441447771,0.6518406508151372,Kuku,Anemia
11.496062209634545,11.325919738900225,0.41606254088925326,0.6833283888696469,Kuku,Anemia
19.54035648723871,20.89612701858976,0.6165509610014434,0.5703807430475003,Kuku,Anemia
13.195592100829003,12.379536083705034,0.4315701208029211,0.7112654241449899,Kuku,Anemia
15.609681100614978,12.390989435787958,0.3548573325228145,0.7247372340174262,Kuku,Anemia
15.870448954489547,12.561226265379455,0.35806912186768924,0.726185876564648,Kuku,Anemia
11.653887380305832,12.650486364735425,0.39544454626212355,0.5561047171476852,Kuku,Anemia
16.35289057633554,14.533651094016742,0.42331037715712155,0.6585264426418388,Kuku,Anemia
17.729021496408308,15.603207857803136,0.43865565812539337,0.6496475293822229,Kuku,Anemia
11.02690559667576,12.350792622480533,0.44318990912817535,0.5711370308414236,Kuku,Anemia
17.683371513591396,17.412373732227906,0.4799859040987861,0.587387502529529,Kuku,Anemia
14.304331151564725,14.062866427865384,0.42600275127436943,0.6084342000248658,Kuku,Anemia
18.434672695009596,17.574781267071593,0.4996936736239502,0.6151684699743434,Kuku,Anemia
17.609975226099152,14.93351760838153,0.35191814838940383,0.6410579561795168,Kuku,Anemia
14.75991817975202,12.52460228145873,0.2904071156480977,0.6075648573022987,Kuku,Anemia
14.351371766165812,13.210407014272407,0.35018436736155517,0.6120786937343661,Kuku,Anemia
17.788443491084593,17.86969853520679,0.512316743294717,0.5903541977187711,Kuku,Anemia
17.959144333485057,19.611306285932084,0.56400789332359,0.544716392085468,Kuku,Anemia
13.56672126672126,12.639711180166158,0.42868194397606163,0.686647610177022,Kuku,Anemia
9.435687301974156,9.30391367788097,0.36305321787501255,0.7535108218281219,Kuku,Anemia
9.13102096920423,10.196916271874512,0.4061311712120873,0.6576647094950635,Kuku,Anemia
13.865635441158275,13.967294970459232,0.4375878543472828,0.601690239268582,Kuku,Anemia
10.191008918904998,9.788750423818948,0.3786219215221274,0.7610478475042128,Kuku,Anemia
10.198470986339146,9.635405489074023,0.3731517783200509,0.7787801803262977,Kuku,Anemia
13.84168212739641,14.550320107656711,0.45356777757216193,0.5682785367111272,Kuku,Anemia
14.786301842183036,15.015155964247517,0.44246196163422513,0.5796968713601094,Kuku,Anemia
13.29470474078181,11.550770143545908,0.42356993506881796,0.8194022614968814,Kuku,Anemia
8.409815467244812,11.031295283252263,0.45441095554238353,0.5597429806878035,Kuku,Anemia
14.345364299283034,13.604425557063005,0.39274753715445365,0.623511869359546,Kuku,Anemia
13.185540093881059,9.688353493192414,0.2637041684434794,0.7370340053361567,Kuku,Anemia
17.72480694715435,14.296983112284023,0.34078861366745716,0.6813038199973166,Kuku,Anemia
4.157253446933254,2.884673067164023,0.09311628274597825,0.8151434235001316,Kuku,Anemia
3.8064176245210604,2.8331255283225776,0.08979293441514538,0.8216819735557058,Kuku,Anemia
24.562784084287074,20.987685302017933,0.469544701869466,0.6595406387071739,Kuku,Anemia
18.14984527865471,15.344515902084677,0.32791707499741063,0.6166215281161381,Kuku,Anemia
24.62178227797088,21.338956377255293,0.48232360497470866,0.6539068017514799,Kuku,Anemia
11.796223308720812,6.020992143112824,0.1365815793489617,0.9441134406266997,Kuku,Anemia
14.178358619998988,7.199776554716664,0.15485601180535305,0.9513892202517179,Kuku,Anemia
10.677920937042472,5.812931515711073,0.1347940171676284,0.9535476128958172,Kuku,Anemia
13.495014646994008,12.134873780370414,0.4519607579654722,0.7890705337471062,Kuku,Anemia
12.319153021201885,10.640720531677372,0.3993107487379054,0.8259441575253212,Kuku,Anemia
24.527735902087528,19.024510620810055,0.4011182437560966,0.7079451920278038,Kuku,Anemia
25.88417721518988,20.58228380355778,0.41696331228225,0.6902214500427456,Kuku,Anemia
26.115206752570373,19.554573879752056,0.3853997145933307,0.7260456914773273,Kuku,Anemia
21.47081174438688,11.80440546879824,0.24005373248896567,0.9205996365155158,Kuku,Anemia
20.61244906561754,10.677273874380022,0.22016546958814437,0.9206493152270041,Kuku,Anemia
27.63149885873699,20.388666267053914,0.3851690511355443,0.7143561436748171,Kuku,Anemia
26.731636943200243,18.767922059217934,0.3573352816711307,0.7464116585602668,Kuku,Anemia
22.424698729543024,15.929054573739787,0.33976624753935225,0.7317004075050666,Kuku,Anemia
18.316010988180153,14.275865976245594,0.44913380861808166,0.8386505629243305,Kuku,Anemia
17.68891143153877,13.7318595406696,0.43559427587183464,0.8487112565964483,Kuku,Anemia
13.335986880317051,8.39185115795189,0.18419340813642757,0.6385972175607064,Kuku,Anemia
19.572489808244,10.39898273218891,0.21691360765958204,0.850514753991586,Kuku,Anemia
16.595903946344094,9.141292047916494,0.1929104595907469,0.7237419406351677,Kuku,Anemia
14.087050314066374,8.097016776326837,0.20630309861397766,0.9812999573282775,Kuku,Anemia
17.732492328673715,16.215213839216624,0.3325742452907973,0.5351348749523677,Kuku,Anemia
17.078834414345664,17.575038187322846,0.34447973008356336,0.47382435232773,Kuku,Anemia
15.085096510764657,13.60406578056752,0.36397271108393864,0.6349266828730997,Kuku,Anemia
5.204692166875418,3.9809805249102936,0.12579558270943023,0.7410569796856019,Kuku,Anemia
15.937696664568904,12.93898148382815,0.4039181605094314,0.7832193670419709,Kuku,Anemia
17.76988101927634,19.83838679910983,0.4173586250605395,0.4596310098151792,Kuku,Anemia
17.512573834727164,20.385574356389704,0.45922637374734676,0.45230669377523514,Kuku,Anemia
17.087863772768515,12.188504414817825,0.2677799991515903,0.7275827575778724,Kuku,Anemia
15.69799219991333,10.81439076667401,0.24249070305574202,0.7607987016849207,Kuku,Anemia
17.294004521947045,12.045027562387611,0.24716838163316993,0.6769227319816411,Kuku,Anemia
15.44345898004434,11.084902779371308,0.23138845500884903,0.6229465102789804,Kuku,Anemia
14.27443597514312,5.551969233302234,0.17530205274015812,0.7573879498228409,Kuku,Anemia
14.017049397990291,5.201463270589191,0.17097975313726083,0.786083454776642,Kuku,Anemia
5.009738533661988,3.100547106072593,0.08475788942999751,0.8106994515944699,Kuku,Anemia
2.5415553368021335,2.3214026312326386,0.09309805392179842,0.8031722003009238,Kuku,Anemia
14.604981538268987,8.574324104681974,0.18519944682297476,0.855121611821398,Kuku,Anemia
11.684125860626722,6.810917687467999,0.14968060449841092,0.8509479668580642,Kuku,Anemia
9.261090365944739,6.905188965632192,0.19517130626211152,0.7700707288143039,Kuku,Anemia
10.33416764437493,7.748341131303205,0.20978260369458693,0.7336025417858448,Kuku,Anemia
14.009555626519926,9.351181090052885,0.19821738123139895,0.7071761844829804,Kuku,Anemia
15.25805425415004,10.181634171877452,0.2170383753015348,0.7497048446308942,Kuku,Anemia
12.92603193733052,7.928198615314974,0.17605999917291412,0.823497037260219,Kuku,Anemia
12.878027098277244,8.206955679702155,0.19299991224495439,0.8224828426864584,Kuku,Anemia
6.496557501505265,4.512213508782104,0.11033190993091391,0.6290357667714328,Kuku,Anemia
6.207150368033638,4.153494105895517,0.09609924586729189,0.6477113383032849,Kuku,Anemia
10.789652450546555,9.598820086739579,0.3333103519112336,0.7388134175860408,Kuku,Anemia
11.901223917614715,11.974915370249084,0.4224792974287898,0.6297338928022819,Kuku,Anemia
9.968348992544549,8.887207429410271,0.3161156461143256,0.7484274760873003,Kuku,Anemia
-1.4692059393156853,0.565482532945838,0.08157095659438728,0.8176616919201509,Kuku,Anemia
8.62467014917334,6.884645807150269,0.2261129924531609,0.8232505366840581,Kuku,Anemia
7.308939428056732,5.750543935599373,0.19640407590392356,0.8540461995301261,Kuku,Anemia
10.023835378434143,7.786818061672962,0.25508890492889524,0.803258108542581,Kuku,Anemia
6.435419149298383,3.416944798611965,0.07831435207902077,0.9294907320646102,Kuku,Anemia
8.289753504108262,4.315968829530892,0.09802850671443059,0.9175510571555834,Kuku,Anemia
9.245476507419994,6.540129403592099,0.15456322449109802,0.7251046708680021,Kuku,Anemia
8.20050148165032,5.269123594947711,0.13100667301340413,0.8242833326629033,Kuku,Anemia
8.082490126889923,4.992071012191213,0.12871108203055015,0.8923046329274121,Kuku,Anemia
8.016346107955911,5.110212347399745,0.1284795195222173,0.797892388473549,Kuku,Anemia
7.034087174737834,4.692508278836449,0.11164831122303431,0.7238976921990976,Kuku,Anemia
7.07875007875009,5.382467194448726,0.1424396836161542,0.6974318209612328,Kuku,Anemia
3.0745708287019795,2.8839839140580636,0.11033929293589734,0.7744084349807602,Kuku,Anemia
11.366513035702013,7.267812542853536,0.18238086181710766,0.7921228723999746,Kuku,Anemia
13.524015721804005,11.680341447380727,0.30874234711538334,0.6138734862408091,Kuku,Anemia
6.226719867914142,4.0005189823605125,0.10315074406207171,0.7558920651364563,Kuku,Anemia
6.198827179972653,5.358943393349502,0.20966697397376957,0.9005262376329516,Kuku,Anemia
6.178098385968298,5.094831231922781,0.19659576923968458,0.9377028893054966,Kuku,Anemia
21.314874375059702,16.392587580849096,0.425890619917043,0.755170262863608,Kuku,Anemia
13.752130153828546,9.546483583443255,0.26644442874650864,0.854514670281677,Kuku,Anemia
20.294922015813114,17.88970334928557,0.3978985571782725,0.6062012260144259,Kuku,Anemia
23.58944370995627,25.70907158899678,0.5926968611099479,0.5247501244641726,Kuku,Anemia
5.9648783755926615,4.922219366923386,0.18954662673150066,0.943451724123993,Kuku,Anemia
5.9817091015510755,5.004724178546605,0.18978154211640758,0.9109770639306352,Kuku,Anemia
14.946829691050056,8.17190616874095,0.17951934996002006,0.9132802686577173,Kuku,Anemia
15.821289421451155,9.002511217228948,0.2003629533854268,0.9068133278943179,Kuku,Anemia
11.16329291270111,9.851262598691068,0.29172329060132673,0.6589662851951738,Kuku,Anemia
11.114263824664135,8.093562863350368,0.21121886026963937,0.7412743300729601,Kuku,Anemia
9.200451135442023,5.131095697938237,0.1225192023281332,0.9499173067442711,Kuku,Anemia
4.160176505783795,3.4329098288020887,0.1399933128416903,0.9738419679798526,Kuku,Anemia
8.650773345737889,6.092648392664479,0.2125552218794251,0.9628921739645969,Kuku,Anemia
9.060696652624898,7.377856160329754,0.2928355923607836,0.9535647515336252,Kuku,Anemia
8.670140908074245,7.35767577907902,0.2893762416619522,0.9268476149126617,Kuku,Anemia
12.978265944532637,10.31786461944968,0.3396867029564651,0.8049823403074929,Kuku,Anemia
10.894443897152996,8.949918399125956,0.3050021151205039,0.7988075163076757,Kuku,Anemia
17.197871114275074,13.797759068208393,0.3865125371481519,0.7315018322322657,Kuku,Anemia
19.906283280085205,15.202520146920495,0.3860480747144438,0.7364230303409969,Kuku,Anemia
17.32940633760336,13.98720719654527,0.3908789888333887,0.7251431398292968,Kuku,Anemia
6.363385826771662,5.413152402481636,0.21826490114341243,0.9748810723919026,Kuku,Anemia
12.538555831124029,9.212643215611793,0.24591965809385985,0.7790684220322868,Kuku,Anemia
11.56382407212763,8.466926489600946,0.24381791676799652,0.8138050427234169,Kuku,Anemia
16.03629467877255,9.999258408011347,0.2500905237396648,0.891648154032329,Kuku,Anemia
15.62966774478096,9.672390340745185,0.2497589136605343,0.757271698250995,Kuku,Anemia
15.363403552251128,12.725216357425317,0.30489232289363494,0.6479634354085844,Kuku,Anemia
20.05718527742522,19.685691089821567,0.45956757472499765,0.5606601653089694,Kuku,Anemia
27.076039050281963,16.05543350495422,0.3143561637725561,0.8043413981866857,Kuku,Anemia
14.938899099153389,8.677660879350046,0.21611162014744134,0.968681209942927,Kuku,Anemia
14.087050314066374,8.097016776326837,0.20630309861397766,0.9812999573282775,Kuku,Anemia
8.26322214336409,4.896346665123108,0.11936230673958724,0.8764610695946228,Kuku,Anemia
7.011211327219598,3.9263717249184094,0.10059586265222607,0.9114080379708066,Kuku,Anemia
27.865815259830214,21.70326373608158,0.44830457032305354,0.7073764390766004,Kuku,Anemia
23.27778083548901,19.098653552058487,0.420685956148104,0.6557348813266294,Kuku,Anemia
12.938407465761713,8.927329338390866,0.2844716623772282,0.8775398347437388,Kuku,Anemia
15.508359717824817,10.620594568659847,0.26647007633803954,0.7311267294230918,Kuku,Anemia
20.601681893107582,13.239985987184832,0.30182525556810047,0.7630900554002508,Kuku,Anemia
21.19806545381647,17.39827679761028,0.4030377268934938,0.6632425415412494,Kuku,Anemia
2.322916964209213,2.146575179695942,0.09994662436941985,0.81127766025431,Kuku,Anemia
8.331566788965887,5.724270038782819,0.15485639832777792,0.7605774441859908,Kuku,Anemia
11.527046369062077,8.15768559666128,0.21187124664875806,0.7184811692372539,Kuku,Anemia
21.629039371930958,17.441282025646345,0.36232127712445206,0.6535169756102623,Kuku,Anemia
5.34631277040495,3.2708283166738017,0.07626860962653498,0.7401399838531494,Kuku,Anemia
5.247531348894768,3.1691811383795176,0.07398950347978914,0.7719810374003268,Kuku,Anemia
4.754547441532907,2.7171295966518905,0.06143444822376093,0.7635730397752029,Kuku,Anemia
4.7615048071729404,1.888980983565025,0.07312632517628419,0.7435018968157642,Kuku,Anemia
-1.2941984732824494,-1.7427993878379677,0.08021543681085666,0.7550530359726587,Kuku,Anemia
6.468168957154404,4.134751353770172,0.11655947342558688,0.8786106884144119,Kuku,Anemia
9.914055807122764,7.085778702298562,0.20427948195555298,0.8239344789439458,Kuku,Anemia
11.710756387839126,8.57521446140006,0.2598404740654229,0.8307814050094063,Kuku,Anemia
10.863282315502346,8.167970407868985,0.23015679737571645,0.7620433280146427,Kuku,Anemia
9.440554383850554,5.9214267552581745,0.1345772704984374,0.8209213736714933,Kuku,Anemia
0.4790077240202777,0.669032974941075,0.05931681491247876,0.7672319612581799,Kuku,Anemia
11.956076835617267,6.404059290160413,0.14101138031659316,0.8544229995271402,Kuku,Anemia
8.853284965739618,5.9825818457321045,0.18601281504137326,0.887356359311157,Kuku,Anemia
3.465446224256283,3.5718711151790483,0.17121181168658067,0.8320541386564049,Kuku,Anemia
15.535937340022514,17.064685656699385,0.49349128819132854,0.5345066520516264,Kuku,Anemia
19.239130434782595,15.530167654953386,0.4756213522198177,0.7971222799566414,Kuku,Anemia
19.955223880597003,16.093540019662235,0.48420791106888234,0.7905305325806016,Kuku,Anemia
14.19942637141159,10.856766970604115,0.24893879724443457,0.6574231501339327,Kuku,Anemia
10.417754884890684,7.791411854039199,0.18727017020776196,0.683740929143954,Kuku,Anemia
15.307943949307088,16.53653918914937,0.4884887384452519,0.5487785882474158,Kuku,Anemia
5.113473800942614,4.225475880366636,0.17300695271177502,0.9345817772631647,Kuku,Anemia
3.408909275766689,4.154848292099045,0.19349755649546604,0.8081911297609626,Kuku,Anemia
5.7903616280829056,4.1676713973534785,0.14214029789047813,0.9147852453131351,Kuku,Anemia
7.202699587634157,4.347523461270697,0.1378321438454233,0.8614246835942071,Kuku,Anemia
9.094342255191492,8.277101458180303,0.34967555843117193,0.8864934639762935,Kuku,Anemia
9.561298890682764,7.0394528956970515,0.22710541015531258,0.8951793768911137,Kuku,Anemia
8.808543769951456,6.477078902659894,0.21094092304592024,0.9058203707633425,Kuku,Anemia
15.252456409382631,8.517617623458085,0.1923429518339965,0.792759341482944,Kuku,Anemia
15.690523507472847,8.91998439983599,0.20072435801968952,0.7827230203327349,Kuku,Anemia
21.329661845694574,12.969981696422028,0.26108283655219255,0.6999129056120879,Kuku,Non-anemia
20.27038626609442,11.405066694291621,0.23330460495579022,0.7065672877606471,Kuku,Non-anemia
10.457904226385125,5.10196743087179,0.11345584714954343,0.7669804712521564,Kuku,Non-anemia
9.274060398259252,2.4799862981419007,0.1331386770717782,0.8469859050042278,Kuku,Non-anemia
10.529834254143651,3.632966682407357,0.16558270101218484,0.7126271118584354,Kuku,Non-anemia
19.924205618942466,17.97722355257909,0.39507174627917657,0.5859670291868434,Kuku,Non-anemia
19.18314428649265,18.115763664116848,0.3842551612749711,0.546647417201563,Kuku,Non-anemia
19.35650224215246,20.140922549496132,0.40758315148317786,0.4876056129749087,Kuku,Non-anemia
2.1942621029187706,1.7225824110356225,0.06150532889278088,0.6364444781546424,Kuku,Non-anemia
3.1087582977409625,2.240626294060144,0.06105401868461067,0.6555528648962802,Kuku,Non-anemia
3.5556015738248163,2.0745119549390623,0.05277881705591742,0.7736690037373409,Kuku,Non-anemia
22.288919694380866,13.406610159761145,0.32306840399527426,0.9296662576826726,Kuku,Non-anemia
11.562370822601679,6.381643459563158,0.1465763118500604,0.8966838934371802,Kuku,Non-anemia
10.891848857860253,5.956228789017848,0.14135346832713122,0.9257775472244136,Kuku,Non-anemia
5.737974802852733,5.4542712565532,0.21331046603818568,0.7844264602696148,Kuku,Non-anemia
5.554910153198136,3.0447401042019706,0.08683345888374033,0.8818085119845689,Kuku,Non-anemia
15.760182469859899,10.287592194422235,0.30246542409730265,0.9278664479803,Kuku,Non-anemia
16.29240019657155,12.470606687542274,0.38323575607215105,0.8076297879600486,Kuku,Non-anemia
14.076382488479254,8.204426504554352,0.19796557332610462,0.9122826420890937,Kuku,Non-anemia
17.273025581499184,10.940421407662448,0.25495929877821927,0.8615667366102653,Kuku,Non-anemia
15.84746133644586,10.616675928369856,0.27414829563767923,0.8440059809547786,Kuku,Non-anemia
17.90515294600698,10.748432952298081,0.23982000313983118,0.8911739546978718,Kuku,Non-anemia
9.601531914893627,6.471268882051762,0.16338890279516063,0.8028758805649919,Kuku,Non-anemia
9.60125962581705,6.453373619844127,0.16175523637701394,0.8022958231957739,Kuku,Non-anemia
10.61720933746318,7.140176764740325,0.17696889437953925,0.8103191638016038,Kuku,Non-anemia
11.569963506566154,7.445496992921408,0.17279805451921584,0.7923488619762655,Kuku,Non-anemia
8.68482151266835,5.568889507369823,0.15035228370334666,0.8382822960586703,Kuku,Non-anemia
11.071305347901102,7.368947664918535,0.19360933353423967,0.8089846132399324,Kuku,Non-anemia
4.410669066404381,3.338033735003343,0.11479199469168828,0.8718563866959002,Kuku,Non-anemia
5.847812783040808,3.991541026083034,0.1316156611233267,0.9231314566902867,Kuku,Non-anemia
3.692314676108765,2.4370730735673085,0.07901936751821796,0.9624413985486154,Kuku,Non-anemia
4.857269731460491,3.232226822262696,0.10217699438669525,0.9044126926952799,Kuku,Non-anemia
7.688006568840393,7.558398208365125,0.2106226375701523,0.5469145458681433,Kuku,Non-anemia
11.689193382826858,6.7949134214010165,0.16522244237027842,0.8765258670845579,Kuku,Non-anemia
11.38257903334295,7.232517396936222,0.1800008290046104,0.8520230538645746,Kuku,Non-anemia
11.069775451164077,6.437610988191933,0.15370029721949854,0.9068048048534746,Kuku,Non-anemia
12.110531972058027,8.443529256294369,0.21197269020450737,0.7806731569575708,Kuku,Non-anemia
10.99150102430653,9.214272437986493,0.26780909141243564,0.7007287938152948,Kuku,Non-anemia
11.901356143377427,8.2105047379053,0.2248191245062334,0.8334200596090459,Kuku,Non-anemia
9.949900746762466,8.680897406451527,0.260650678647487,0.6707967504990464,Kuku,Non-anemia
10.56968962732202,10.276635802305423,0.33125637701717353,0.6125620734044165,Kuku,Non-anemia
11.391366343277326,7.754836282951727,0.19461087199998683,0.8012802906831086,Kuku,Non-anemia
11.319750067916317,7.818137187054219,0.20804683296844953,0.8257886017759454,Kuku,Non-anemia
10.14547680515264,7.516027467798381,0.20845527895239752,0.7775962401035788,Kuku,Non-anemia
9.23177909546419,9.260608142300253,0.2563612548710708,0.5526897663645026,Kuku,Non-anemia
11.183034482758615,9.077202225721237,0.26771160694162727,0.7384695064232589,Kuku,Non-anemia
11.288121206977053,8.593790291156456,0.27341619837681713,0.8298996515807018,Kuku,Non-anemia
9.558082859463838,9.2473140261633,0.3054401809464647,0.6386496976261395,Kuku,Non-anemia
11.228213152029525,7.340425199966916,0.2034859663039443,0.9031867214568575,Kuku,Non-anemia
11.527564695009232,7.580660355896729,0.2045719618716248,0.8828346199847776,Kuku,Non-anemia
9.497491938373344,7.486738416169869,0.23189242733997933,0.7934251450490623,Kuku,Non-anemia
10.490213322509362,7.075154697665642,0.21051048661019453,0.9074495301209826,Kuku,Non-anemia
9.740842629697823,5.884918235908909,0.15720193763631307,0.9579148960569823,Kuku,Non-anemia
9.728539243183604,6.5933151739060225,0.19168435961446054,0.8696141990751884,Kuku,Non-anemia
10.286899644062316,7.355618248221774,0.22601952536203312,0.8570580712292313,Kuku,Non-anemia
13.937688640041983,9.084346904083906,0.23640929710758368,0.8791492661103635,Kuku,Non-anemia
12.69323416630209,10.784674055914989,0.31130636365517206,0.6726247623891928,Kuku,Non-anemia
11.469388747113868,7.953786340185376,0.23275379516249325,0.8894507468803539,Kuku,Non-anemia
10.066161468959478,8.220476487922168,0.24403370387905854,0.7480967823759327,Kuku,Non-anemia
10.252829340195376,9.798043741572604,0.2795917657541943,0.6150993177644305,Kuku,Non-anemia
7.34307352670632,6.410706075028472,0.21746284826557102,0.7495634618598773,Kuku,Non-anemia
17.30631952662722,12.811266780334707,0.32833618749274857,0.7731148393085044,Kuku,Non-anemia
12.352624591019008,9.503065398717059,0.2794103235679971,0.7763952771587084,Kuku,Non-anemia
10.574942372170995,8.628315704830802,0.272330732376773,0.7433465024735795,Kuku,Non-anemia
9.685207277065302,8.561138492159293,0.293576915804596,0.7418844503702664,Kuku,Non-anemia
5.209027655966793,3.3209914432601018,0.07920224980596226,0.6829161951864884,Kuku,Non-anemia
7.372119370703189,3.9458760502435464,0.09834931011310723,0.7585797251155786,Kuku,Non-anemia
12.375515574786817,8.73755026347931,0.20099053867859043,0.7081556699706123,Kuku,Non-anemia
13.890891925912598,9.259814897821661,0.19732767769938403,0.7229686084108162,Kuku,Non-anemia
17.163746743469005,13.010396354703158,0.41373706584859143,0.8337920947197685,Kuku,Non-anemia
16.072413602126716,11.359270797758825,0.3533036652853432,0.8988783262529646,Kuku,Non-anemia
9.953480833130726,7.444469560968647,0.23336696917738378,0.8317364517733505,Kuku,Non-anemia
6.376014120270014,5.431032697429661,0.19997146316258588,0.8447807338703116,Kuku,Non-anemia
12.30634444475595,7.7693410944002395,0.1919898588272675,0.8467232764871346,Kuku,Non-anemia
12.981513433571592,8.937129485576989,0.2176095218302587,0.7692635929292978,Kuku,Non-anemia
11.174509947874611,6.8816937316745985,0.18968480522914205,0.9414503652328464,Kuku,Non-anemia
7.2833876221498315,5.048743395329103,0.1655591968338498,0.9582424298484978,Kuku,Non-anemia
15.763988633428056,10.537547362703403,0.3111097603598401,0.9218648472047047,Kuku,Non-anemia
16.0859762259974,10.946885425564457,0.3288443554908849,0.9198712123571215,Kuku,Non-anemia
16.090203986659418,11.089182412914322,0.32678025112679576,0.9043530233003774,Kuku,Non-anemia
18.50223624764456,12.596654457017653,0.3522677425228043,0.8949991475237903,Kuku,Non-anemia
12.969498675031105,8.333389174266692,0.19765938066319494,0.8413302284842334,Kuku,Non-anemia
12.18494008227509,7.9295511889522,0.19153646792288728,0.8308731469693941,Kuku,Non-anemia
12.145791449679052,10.720086523048211,0.3370431743001185,0.7074471808827686,Kuku,Non-anemia
12.365538754819994,11.031881339976346,0.34421878278628293,0.6969457095259576,Kuku,Non-anemia
23.11242896616443,22.24957681458153,0.5874073710606186,0.6227357341977509,Kuku,Non-anemia
22.11220116971674,21.568170886465342,0.5727399031736242,0.6098654883887091,Kuku,Non-anemia
11.971642589620132,11.290185311480583,0.4430687542697185,0.7385992422966102,Kuku,Non-anemia
15.153108455604297,13.373350996766753,0.47952699155596284,0.7186992564383188,Kuku,Non-anemia
14.01951845738688,12.438208202076328,0.4471767716230038,0.7489773807817555,Kuku,Non-anemia
7.4813271168879965,9.48116821421916,0.3728919767963699,0.5666369326293199,Kuku,Non-anemia
7.193782228532996,9.37699396927476,0.36384767593109535,0.5400522543671082,Kuku,Non-anemia
11.053147640869412,10.981507400035317,0.3589353203712042,0.6304851486689246,Kuku,Non-anemia
11.240599168617706,10.381963007252137,0.3334253343938751,0.673987964912182,Kuku,Non-anemia
11.085726288736225,10.755175094954872,0.40214413843429925,0.7162340110264439,Kuku,Non-anemia
8.94417105039878,9.083681402771981,0.36616761756458904,0.7447956341878342,Kuku,Non-anemia
11.024471935605845,11.609998663663434,0.4395015788174705,0.6688224595656425,Kuku,Non-anemia
10.954103482640676,10.426129370845416,0.35916644353218974,0.682897653364683,Kuku,Non-anemia
7.479777508210304,8.262643871235209,0.32476816520270646,0.6500777085294901,Kuku,Non-anemia
14.901006711409394,13.518737435131056,0.415602770699494,0.6692611468016126,Kuku,Non-anemia
11.341950764734037,12.109219730961085,0.4035834325163028,0.5941924974691669,Kuku,Non-anemia
10.806348481388454,11.969316074434877,0.40875091606255043,0.5822217446010146,Kuku,Non-anemia
14.770349429502858,15.567499213328029,0.4627144358150758,0.5642319662176198,Kuku,Non-anemia
9.417267088528291,10.431822454376949,0.4274186712464574,0.66208429615816,Kuku,Non-anemia
13.983617189939707,9.760424729313444,0.21334476955402978,0.7242340958579497,Kuku,Non-anemia
11.95500023822001,6.7080585184711605,0.15675764803038753,0.8659109019757314,Kuku,Non-anemia
16.838427424187955,14.25774424263202,0.31020280004606426,0.6168792436068279,Kuku,Non-anemia
25.469465529628593,16.824680299945392,0.32722160053850674,0.6773754289770761,Kuku,Non-anemia
22.797452534170077,16.585911861756706,0.32392880568703575,0.6086598613279275,Kuku,Non-anemia
13.411592050357172,6.638561916690877,0.1488088155553614,0.7381911248126097,Kuku,Non-anemia
11.11659519068769,4.779915136044233,0.1242045294147679,0.756940677940651,Kuku,Non-anemia
18.26540765308647,12.215203594482515,0.24705736757353305,0.6965581203027224,Kuku,Non-anemia
11.215252472670471,7.781107574067159,0.21100132805739566,0.7769791287444471,Kuku,Non-anemia
10.348324638004641,8.416127672768514,0.24829383919960307,0.7138791012875869,Kuku,Non-anemia
13.259789216597198,6.778079714044383,0.14687523261182675,0.7270282580100452,Kuku,Non-anemia
11.196845026534874,7.402159859095425,0.21036087252467567,0.8649954319329367,Kuku,Non-anemia
12.582593152756772,8.938320219496543,0.2714947307123042,0.8121949838645757,Kuku,Non-anemia
10.008769598724427,5.793695816021671,0.143880915736913,0.9453253202327002,Kuku,Non-anemia
11.708330998935509,7.430718323914931,0.19515060436186352,0.8712551590191794,Kuku,Non-anemia
12.643353285746286,8.2602534983506,0.18333072866161923,0.7395525362284731,Kuku,Non-anemia
10.054891108169898,5.847060221294154,0.1320767893248022,0.7740042136455111,Kuku,Non-anemia
21.87832331234148,12.85171654745385,0.2820627319117885,0.6849672830121419,Kuku,Non-anemia
23.464935729723578,16.504290942508515,0.3326759096312851,0.6316435481028949,Kuku,Non-anemia
21.483679292202197,13.80777998493361,0.2813935667715245,0.6486536064049995,Kuku,Non-anemia
21.481751824817508,12.617664709527254,0.2804960664462806,0.6781622316008475,Kuku,Non-anemia
19.076578442076737,15.121014263234311,0.41969775824941624,0.7589204576073869,Kuku,Non-anemia
20.845401882693693,15.239702430266266,0.406206192349013,0.8163139573956544,Kuku,Non-anemia
16.27187942599076,11.183030841343822,0.31124413208269863,0.8824883375225507,Kuku,Non-anemia
21.605966497270856,15.247397358759285,0.40359434067873967,0.8588234063937388,Kuku,Non-anemia
22.92321552759688,15.753525756800535,0.3950429359326711,0.8661983197527604,Kuku,Non-anemia
16.78080697928027,12.179973225473706,0.3308066432679942,0.8181887716918829,Kuku,Non-anemia
16.239376206378864,11.718898804341826,0.2951053983896325,0.7844580253744318,Kuku,Non-anemia
10.287916827603965,5.962267382670916,0.14992704175786448,0.9629360769671588,Kuku,Non-anemia
10.086632390745507,6.4423517676711395,0.17736190620206954,0.917399782535122,Kuku,Non-anemia
7.207211552100773,5.040244980383424,0.16569803954944626,0.9504148358540556,Kuku,Non-anemia
17.00224393774883,12.945815051871667,0.4123662117760604,0.8300878792824887,Kuku,Non-anemia
15.429812341227574,8.656307961604837,0.19240506057923185,0.9035087803866937,Kuku,Non-anemia
15.95345458609225,9.157129706898015,0.20764526747753834,0.9063245469729813,Kuku,Non-anemia
8.701919160457152,5.064183019274937,0.12312750195317364,0.9257335500028893,Kuku,Non-anemia
8.64736313040919,5.011474255968196,0.12015487441452173,0.9212751852402029,Kuku,Non-anemia
3.9065304633345477,3.8010719833422524,0.14233267282347695,0.7336586761665629,Kuku,Non-anemia
2.5824311149879406,2.9031143570900753,0.12380649114281661,0.7613311279666056,Kuku,Non-anemia
4.43029935765361,4.7626397934473985,0.19696569162145527,0.7219669154778624,Kuku,Non-anemia
4.288740758695923,4.662749915500308,0.19685105311061524,0.7652727061009835,Kuku,Non-anemia
3.4931850016162116,3.0511914764172143,0.12084492670034289,0.8450029683244917,Kuku,Non-anemia
1.6068646665661674,2.4751299060091103,0.13283020429640272,0.7700546583777488,Kuku,Non-anemia
8.011470405169092,6.671956688298986,0.2291450692135534,0.7943037934222861,Kuku,Non-anemia
6.846681984791303,5.032438566696795,0.17252027130672828,0.926144863547476,Kuku,Non-anemia
8.910206771562741,7.389084391339251,0.24303592321405593,0.7836325094884041,Kuku,Non-anemia
7.8239481409002,8.079261861133569,0.30479135489812365,0.6997224780323088,Kuku,Non-anemia
15.250303650956198,10.076409833407896,0.264054497933399,0.8923499572016761,Kuku,Non-anemia
14.657623383097643,10.562949411571365,0.2989569201595051,0.8404417616756776,Kuku,Non-anemia
11.943698171766641,10.05907882556798,0.38650062614638986,0.877696922326469,Kuku,Non-anemia
11.632816953773698,10.48449663286637,0.42302075967330793,0.8691935001786065,Kuku,Non-anemia
8.428806872097084,5.701364063555037,0.17831542745450576,0.9486223196265471,Kuku,Non-anemia
8.972818894431441,6.412495709588528,0.21634529206164801,0.919584987614103,Kuku,Non-anemia
9.145056500745767,6.313148910374622,0.2020608632764732,0.9330707189972078,Kuku,Non-anemia
8.430809729921293,5.960802688523081,0.19644639793295504,0.9269097509153255,Kuku,Non-anemia
10.201999394122993,7.424630231076934,0.21524766707652465,0.7622132330666287,Kuku,Non-anemia
12.793934348239759,11.03639190687673,0.310665939068301,0.6626890356523198,Kuku,Non-anemia
15.180506675979899,14.457016764690112,0.3653120856649352,0.5599132520321349,Kuku,Non-anemia
17.920149448257888,14.451928724810958,0.370601013017945,0.7124070562566267,Kuku,Non-anemia
12.084839038045544,10.63667668077648,0.29487286962119114,0.6159372668777399,Kuku,Non-anemia
12.068142639018873,10.958602294905484,0.31594954092556593,0.6041503573798135,Kuku,Non-anemia
10.391586223334514,7.314006223031955,0.22119834276220318,0.7624712752458868,Kuku,Non-anemia
6.849344814676158,6.133716672656009,0.21428472849267,0.72523228185571,Kuku,Non-anemia
12.732254532181543,9.71755228881186,0.3167774334456985,0.8043241747362042,Kuku,Non-anemia
13.16446532588634,13.266737890801616,0.4172013384302351,0.5604458049969755,Kuku,Non-anemia
14.189045079980616,14.272989365521816,0.32475935371439785,0.4968592004678465,Kuku,Non-anemia
14.729141352774406,15.111811307591072,0.36374653547121566,0.4888461034474543,Kuku,Non-anemia
14.350809821771435,10.691547350785369,0.32159918927023246,0.8473834874933506,Kuku,Non-anemia
14.6165538907685,11.558723159668816,0.3461009865521849,0.7881239397644026,Kuku,Non-anemia
14.787625725465489,11.82389014486458,0.354641563025063,0.7762823315202811,Kuku,Non-anemia
14.369105574646824,10.77119102605315,0.32495105525982826,0.8417167344219093,Kuku,Non-anemia
14.86136880798179,12.600540420435102,0.4296232992292547,0.8046436918894987,Kuku,Non-anemia
12.583969900809478,9.4746458421886,0.3386302901048688,0.9584421925194659,Kuku,Non-anemia
19.813918457521595,20.79168043499888,0.547858784673406,0.548793822945259,Kuku,Non-anemia
14.00237405192081,12.506462340948143,0.4009993144448999,0.6727488824968231,Kuku,Non-anemia
19.39611346257277,17.592453258253116,0.3370995541775394,0.4914108907599707,Kuku,Non-anemia
24.712016014595577,17.33410244456848,0.3338349570519471,0.7539423371213476,Kuku,Non-anemia
23.347765397941117,14.41550357402761,0.2855049365392858,0.8272759129824068,Kuku,Non-anemia
6.852518991471328,2.651656523068757,0.0761792623093885,0.8392033496998557,Kuku,Non-anemia
8.687444906183089,3.634030051516701,0.08818358926494663,0.8454936529453742,Kuku,Non-anemia
5.853266888150614,3.5184263032437713,0.09876959945359398,0.9361886403610069,Kuku,Non-anemia
6.408707199089434,3.881119133147548,0.11570617434112031,0.8865975565982819,Kuku,Non-anemia
1.0688260980061557,1.191098587258832,0.07168978628116912,0.6007633300761563,Kuku,Non-anemia
15.873778940081536,8.002763912712085,0.17231173268220193,0.9166080236160818,Kuku,Non-anemia
17.932533618581914,14.011527714264105,0.3608147761957268,0.7291479896767182,Kuku,Non-anemia
19.90912145136906,13.365370033520785,0.33036959450334813,0.8456991531704232,Kuku,Non-anemia
5.007064088221199,4.552449495501065,0.15744399214056726,0.6795462337084426,Kuku,Non-anemia
4.844908219338237,2.751279466887846,0.06610259443424277,0.763204975665,Kuku,Non-anemia
14.406495547407019,16.23351354843323,0.42792977931794063,0.49059160110834843,Kuku,Non-anemia
15.337596014116684,16.718254302544764,0.4269138305104063,0.5047302242466427,Kuku,Non-anemia
7.422552249562443,3.9252342093839765,0.10218910172943882,0.7514204734709697,Kuku,Non-anemia
7.170400103586701,3.5146795225634353,0.09083080079111795,0.766159650445702,Kuku,Non-anemia
16.527356446370533,17.777418448119953,0.4451847839171783,0.5125608098060459,Kuku,Non-anemia
15.990699057164704,17.048996899689463,0.43222061779778587,0.5186162089060545,Kuku,Non-anemia
25.0076517489712,14.472557107177542,0.30517479625595095,0.971997170781893,Kuku,Non-anemia
29.366414596919668,17.64968458038809,0.3785499936064338,0.9693367287250685,Kuku,Non-anemia
17.81465842256071,11.689862855699173,0.26950680257022125,0.8305390308739995,Kuku,Non-anemia
14.770471305723532,10.751302610144942,0.25244408820202147,0.7323222452879184,Kuku,Non-anemia
12.924847886860704,11.793374264694156,0.40670168412703017,0.7429953148830656,Kuku,Non-anemia
16.502089621546332,11.871394683354985,0.3127882334730967,0.7889285340326054,Kuku,Non-anemia
17.200715015321748,11.066418144789703,0.28445645448115275,0.9062816567947538,Kuku,Non-anemia
